Summary,Issue key,Issue id,Issue Type,Status,Project key,Project name,Project type,Project lead,Project lead id,Project description,Priority,Resolution,Assignee,Assignee Id,Reporter,Reporter Id,Creator,Creator Id,Created,Updated,Last Viewed,Resolved,Due date,Votes,Description,Environment,Watchers,Watchers Id,Original estimate,Remaining Estimate,Time Spent,Work Ratio,Σ Original Estimate,Σ Remaining Estimate,Σ Time Spent,Security Level,Custom field (Actual end),Custom field (Actual start),Custom field (Affected hardware),Custom field (Affected services),Custom field (Approvals),Custom field (Budget),Custom field (Category),Custom field (Change reason),Custom field (Change risk),Custom field (Change type),Custom field (Development),Custom field (Epic Color),Custom field (Epic Name),Custom field (Epic Status),Custom field (Focus Areas),Custom field (Goals),Custom field (Impact),Custom field (Issue color),Custom field (Locked forms),Custom field (Major incident),Custom field (Open forms),Custom field (Pending reason),Custom field (Project overview key),Custom field (Project overview status),Custom field (Rank),Custom field (Request Type),Custom field (Request language),Custom field (Request participants),Custom field (Responders),Satisfaction rating,Custom field (Satisfaction date),Custom field (Sentiment),Custom field (Severity),Sprint,Custom field (Start date),Custom field (Story Points),Custom field (Story point estimate),Custom field (Submitted forms),Custom field (Target end),Custom field (Target start),Custom field (Team),Custom field (Time to close after resolution),Custom field (Time to first response),Custom field (Time to resolution),Custom field (Total forms),Custom field (Urgency),Custom field (Vulnerability),Custom field (Work category),Custom field ([CHART] Date of First Response),Custom field ([CHART] Time in Status),Parent,Parent key,Parent summary,Status Category,Status Category Changed
Tạo đơn hàng,TEC-9,10178,Task,Done,TEC,TechGadget E-commerce,software,VŨ ĐẶNG,712020:00595771-ccd0-4354-a581-4aa70b2e347b,,Medium,Done,dangtrungkien040804,712020:3fca45f9-33ae-49a6-999a-a94f363ec5be,VŨ ĐẶNG,712020:00595771-ccd0-4354-a581-4aa70b2e347b,VŨ ĐẶNG,712020:00595771-ccd0-4354-a581-4aa70b2e347b,27/Feb/26 3:21 PM,17/Mar/26 10:30 PM,17/Mar/26 11:24 PM,17/Mar/26 10:30 PM,,0,"# *User Story*
Với vai trò là khách hàng,
Tôi muốn xác nhận đặt hàng,
Để hoàn tất việc mua sản phẩm.
# *Tiêu chí chấp nhận*

* Người dùng phải đăng nhập
* Kiểm tra tồn kho trước khi tạo đơn
* Tạo Order và OrderItem trong hệ thống
* Thanh toán giả lập (fake payment)
* Trả về thông tin đơn hàng sau khi tạo",,VŨ ĐẶNG,712020:00595771-ccd0-4354-a581-4aa70b2e347b,,,,,,,,,,,,,com.atlassian.servicedesk.plugins.approvals.internal.customfield.ApprovalsCFValue@38c2bf4e,,,,,,,,,,,,,,,,,,,,0|i0000q:sai,,,,,,,,,TEC Sprint 1: Core Features,,,,,,,,,,,,,,,,10046_*:*_1_*:*_1016504461_*|*_10047_*:*_1_*:*_0,10182,TEC-13,Quản lý đơn hàng,Done,17/Mar/26 10:30 PM
Thêm/Sửa/Xóa sản phẩm,TEC-14,10183,Task,Done,TEC,TechGadget E-commerce,software,VŨ ĐẶNG,712020:00595771-ccd0-4354-a581-4aa70b2e347b,,Medium,Done,VŨ ĐẶNG,712020:00595771-ccd0-4354-a581-4aa70b2e347b,VŨ ĐẶNG,712020:00595771-ccd0-4354-a581-4aa70b2e347b,VŨ ĐẶNG,712020:00595771-ccd0-4354-a581-4aa70b2e347b,27/Feb/26 3:24 PM,15/Mar/26 9:15 PM,17/Mar/26 11:23 PM,15/Mar/26 9:15 PM,,0,"# *User Story*
Với vai trò là quản trị viên,
Tôi muốn thêm, sửa hoặc xóa sản phẩm,
Để quản lý hàng hóa trong hệ thống.
# *Tiêu chí chấp nhận*

* Có thể thêm sản phẩm mới
* Có thể chỉnh sửa thông tin sản phẩm
* Có thể xóa sản phẩm
* Cập nhật tồn kho chính xác",,VŨ ĐẶNG,712020:00595771-ccd0-4354-a581-4aa70b2e347b,,,,,,,,,,,,,com.atlassian.servicedesk.plugins.approvals.internal.customfield.ApprovalsCFValue@5eff05c,,,,,,,,,,,,,,,,,,,,0|i0000q:sf,,,,,,,,,TEC Sprint 1: Core Features,,,10.0,,,,,,,,,,,,,10046_*:*_1_*:*_428744430_*|*_10047_*:*_1_*:*_0,10191,TEC-22,Quản trị hệ thống (Admin),Done,15/Mar/26 9:15 PM
Cập nhật số lượng,TEC-19,10188,Task,Done,TEC,TechGadget E-commerce,software,VŨ ĐẶNG,712020:00595771-ccd0-4354-a581-4aa70b2e347b,,Medium,Done,VŨ ĐẶNG,712020:00595771-ccd0-4354-a581-4aa70b2e347b,VŨ ĐẶNG,712020:00595771-ccd0-4354-a581-4aa70b2e347b,VŨ ĐẶNG,712020:00595771-ccd0-4354-a581-4aa70b2e347b,27/Feb/26 3:27 PM,17/Mar/26 11:16 PM,18/Mar/26 9:03 AM,17/Mar/26 9:36 PM,,0,"# *User Story*
Với vai trò là khách hàng,
Tôi muốn thay đổi số lượng sản phẩm trong giỏ,
Để điều chỉnh quyết định mua hàng.
# *Tiêu chí chấp nhận*

* Có thể tăng hoặc giảm số lượng
* Không vượt quá số lượng tồn kho
* Tổng tiền được cập nhật tự động",,VŨ ĐẶNG,712020:00595771-ccd0-4354-a581-4aa70b2e347b,,,,,,,,,,,,,com.atlassian.servicedesk.plugins.approvals.internal.customfield.ApprovalsCFValue@67494c3f,,,,,,,,,,,,,,,,,,,,0|i0000q:sg,,,,,,,,,TEC Sprint 1: Core Features,,,,,,,,,,,,,,,,10046_*:*_1_*:*_1016106060_*|*_10047_*:*_1_*:*_0,10190,TEC-21,Quản lý giỏ hàng,Done,17/Mar/26 9:36 PM
Thêm vào giỏ hàng,TEC-18,10187,Task,Done,TEC,TechGadget E-commerce,software,VŨ ĐẶNG,712020:00595771-ccd0-4354-a581-4aa70b2e347b,,Medium,Done,VŨ ĐẶNG,712020:00595771-ccd0-4354-a581-4aa70b2e347b,VŨ ĐẶNG,712020:00595771-ccd0-4354-a581-4aa70b2e347b,VŨ ĐẶNG,712020:00595771-ccd0-4354-a581-4aa70b2e347b,27/Feb/26 3:27 PM,17/Mar/26 11:16 PM,17/Mar/26 11:16 PM,17/Mar/26 9:36 PM,,0,"# *User Story*
Với vai trò là khách hàng,
Tôi muốn thêm sản phẩm vào giỏ hàng,
Để chuẩn bị thanh toán.
# *Tiêu chí chấp nhận*

* Người dùng phải đăng nhập
* Thêm sản phẩm thành công vào giỏ
* Hiển thị số lượng hiện tại trong giỏ",,VŨ ĐẶNG,712020:00595771-ccd0-4354-a581-4aa70b2e347b,,,,,,,,,,,,,com.atlassian.servicedesk.plugins.approvals.internal.customfield.ApprovalsCFValue@557c69a0,,,,,,,,,,,,,,,,,,,,0|i0000q:sgi,,,,,,,,,TEC Sprint 1: Core Features,,,,,,,,,,,,,,,,10046_*:*_1_*:*_1016109865_*|*_10047_*:*_1_*:*_0,10190,TEC-21,Quản lý giỏ hàng,Done,17/Mar/26 9:36 PM
Xóa sản phẩm khỏi giỏ,TEC-20,10189,Task,Done,TEC,TechGadget E-commerce,software,VŨ ĐẶNG,712020:00595771-ccd0-4354-a581-4aa70b2e347b,,Medium,Done,VŨ ĐẶNG,712020:00595771-ccd0-4354-a581-4aa70b2e347b,VŨ ĐẶNG,712020:00595771-ccd0-4354-a581-4aa70b2e347b,VŨ ĐẶNG,712020:00595771-ccd0-4354-a581-4aa70b2e347b,27/Feb/26 3:27 PM,17/Mar/26 11:16 PM,10/Apr/26 8:26 PM,17/Mar/26 9:36 PM,,0,"# *User Story*
Với vai trò là khách hàng,
Tôi muốn xóa sản phẩm khỏi giỏ hàng,
Để linh hoạt thay đổi trước khi thanh toán.
# *Tiêu chí chấp nhận*

* Xóa thành công sản phẩm khỏi giỏ
* Cập nhật lại tổng tiền",,VŨ ĐẶNG,712020:00595771-ccd0-4354-a581-4aa70b2e347b,,,,,,,,,,,,,com.atlassian.servicedesk.plugins.approvals.internal.customfield.ApprovalsCFValue@5f179df3,,,,,,,,,,,,,,,,,,,,0|i0000q:sh,,,,,,,,,TEC Sprint 1: Core Features,,,,,,,,,,,,,,,,10046_*:*_1_*:*_1016100095_*|*_10047_*:*_1_*:*_0,10190,TEC-21,Quản lý giỏ hàng,Done,17/Mar/26 9:36 PM
Quản lý danh mục,TEC-15,10184,Task,Done,TEC,TechGadget E-commerce,software,VŨ ĐẶNG,712020:00595771-ccd0-4354-a581-4aa70b2e347b,,Medium,Done,VŨ ĐẶNG,712020:00595771-ccd0-4354-a581-4aa70b2e347b,VŨ ĐẶNG,712020:00595771-ccd0-4354-a581-4aa70b2e347b,VŨ ĐẶNG,712020:00595771-ccd0-4354-a581-4aa70b2e347b,27/Feb/26 3:24 PM,09/Mar/26 1:09 PM,09/Mar/26 11:25 AM,09/Mar/26 1:09 PM,,0,"# *User Story*
Với vai trò là quản trị viên,
Tôi muốn quản lý danh mục sản phẩm,
Để tổ chức sản phẩm rõ ràng hơn.
# *Tiêu chí chấp nhận*

* Thêm danh mục mới
* Chỉnh sửa danh mục
* Xóa danh mục không còn sử dụng",,VŨ ĐẶNG,712020:00595771-ccd0-4354-a581-4aa70b2e347b,,,,,,,,,,,,,com.atlassian.servicedesk.plugins.approvals.internal.customfield.ApprovalsCFValue@777890a6,,,,,,,,,,,,,,,,,,,,0|i0000q:si,,,,,,,,,TEC Sprint 1: Core Features,,,,,,,,,,,,,,,,10046_*:*_1_*:*_848823226_*|*_10047_*:*_1_*:*_0,10191,TEC-22,Quản trị hệ thống (Admin),Done,09/Mar/26 1:09 PM
Xem danh sách sản phẩm,TEC-5,10174,Task,Done,TEC,TechGadget E-commerce,software,VŨ ĐẶNG,712020:00595771-ccd0-4354-a581-4aa70b2e347b,,Medium,Done,Lê Quang Huy,712020:dd3b3a09-10d8-47f9-a3e6-4d143d9a06db,VŨ ĐẶNG,712020:00595771-ccd0-4354-a581-4aa70b2e347b,VŨ ĐẶNG,712020:00595771-ccd0-4354-a581-4aa70b2e347b,27/Feb/26 3:20 PM,11/Mar/26 9:34 AM,15/Mar/26 9:03 PM,11/Mar/26 9:34 AM,,0,"# *User Story*
Với vai trò là khách hàng,
Tôi muốn xem danh sách sản phẩm,
Để tôi có thể duyệt và lựa chọn sản phẩm phù hợp
# *Tiêu chí chấp nhận*

* Hiển thị danh sách sản phẩm từ cơ sở dữ liệu
* Có phân trang
* Mỗi sản phẩm hiển thị tên, giá, hình ảnh",,VŨ ĐẶNG,712020:00595771-ccd0-4354-a581-4aa70b2e347b,,,,,,,,,,,,,com.atlassian.servicedesk.plugins.approvals.internal.customfield.ApprovalsCFValue@5e2d386b,,,,,,,,,,,,,,,,,,,,0|i0000q:sr,,,,,,,,,TEC Sprint 1: Core Features,,,,,,,,,,,,,,,,10046_*:*_1_*:*_428939487_*|*_10047_*:*_1_*:*_0,10181,TEC-12,Xem và tìm kiếm sản phẩm,Done,11/Mar/26 9:34 AM
Đăng ký tài khoản,TEC-1,10170,Task,Done,TEC,TechGadget E-commerce,software,VŨ ĐẶNG,712020:00595771-ccd0-4354-a581-4aa70b2e347b,,Medium,Done,dangtrungkien040804,712020:3fca45f9-33ae-49a6-999a-a94f363ec5be,VŨ ĐẶNG,712020:00595771-ccd0-4354-a581-4aa70b2e347b,VŨ ĐẶNG,712020:00595771-ccd0-4354-a581-4aa70b2e347b,27/Feb/26 2:56 PM,11/Mar/26 2:22 PM,17/Mar/26 11:24 PM,11/Mar/26 2:22 PM,,0,"# *User Story*
Với vai trò là khách truy cập, tôi muốn đăng ký tài khoản, để tôi có thể mua sản phẩm trên hệ thống.
# *Mô tả*
Cho phép người dùng tạo tài khoản mới bằng email và mật khẩu.
# *Tiêu chí chấp nhận*

* Người dùng nhập email, mật khẩu và xác nhận mật khẩu
* Email không được trùng trong hệ thống
* Mật khẩu tối thiểu 6 ký tự
* Mật khẩu được mã hóa trước khi lưu vào cơ sở dữ liệu
* Nếu hợp lệ → trả về thông báo đăng ký thành công
* Nếu email đã tồn tại → hiển thị thông báo lỗi",,VŨ ĐẶNG,712020:00595771-ccd0-4354-a581-4aa70b2e347b,,,,,,,,,,,,,com.atlassian.servicedesk.plugins.approvals.internal.customfield.ApprovalsCFValue@76ac9788,,,,,,,,,,,,,,,,,,,,0|i0000q:sv,,,,,,,,,TEC Sprint 1: Core Features,,,3.0,,,,,,,,,,,,,10046_*:*_3_*:*_430374690_*|*_10047_*:*_3_*:*_7195,10171,TEC-2,Quản lý tài khoản người dùng,Done,11/Mar/26 2:22 PM
Đăng nhập,TEC-3,10172,Task,Done,TEC,TechGadget E-commerce,software,VŨ ĐẶNG,712020:00595771-ccd0-4354-a581-4aa70b2e347b,,Medium,Done,dangtrungkien040804,712020:3fca45f9-33ae-49a6-999a-a94f363ec5be,VŨ ĐẶNG,712020:00595771-ccd0-4354-a581-4aa70b2e347b,VŨ ĐẶNG,712020:00595771-ccd0-4354-a581-4aa70b2e347b,27/Feb/26 3:06 PM,11/Mar/26 2:22 PM,04/Mar/26 5:12 PM,11/Mar/26 2:22 PM,,0,"# *User Story*
Với vai trò là khách hàng đã đăng ký,
Tôi muốn đăng nhập vào hệ thống,
Để tôi có thể truy cập giỏ hàng, lịch sử đơn và trạng thái đơn.
# *Mô tả*
Cho phép người dùng xác thực bằng email và mật khẩu.
# *Tiêu chí chấp nhận*

* Nhập email và mật khẩu
* Kiểm tra thông tin chính xác
* Nếu đúng → trả về phiên đăng nhập
* Nếu sai → hiển thị thông báo lỗi",,VŨ ĐẶNG,712020:00595771-ccd0-4354-a581-4aa70b2e347b,,,,,,,,,,,,,com.atlassian.servicedesk.plugins.approvals.internal.customfield.ApprovalsCFValue@3352bb2c,,,,,,,,,,,,,,,,,,,,0|i0000q:sx,,,,,,,,,TEC Sprint 1: Core Features,,,3.0,,,,,,,,,,,,,10046_*:*_1_*:*_429820581_*|*_10047_*:*_1_*:*_0,10171,TEC-2,Quản lý tài khoản người dùng,Done,11/Mar/26 2:22 PM
Xem chi tiết sản phẩm,TEC-8,10177,Task,Done,TEC,TechGadget E-commerce,software,VŨ ĐẶNG,712020:00595771-ccd0-4354-a581-4aa70b2e347b,,Medium,Done,Lê Quang Huy,712020:dd3b3a09-10d8-47f9-a3e6-4d143d9a06db,VŨ ĐẶNG,712020:00595771-ccd0-4354-a581-4aa70b2e347b,VŨ ĐẶNG,712020:00595771-ccd0-4354-a581-4aa70b2e347b,27/Feb/26 3:21 PM,15/Mar/26 3:48 PM,15/Mar/26 9:03 PM,15/Mar/26 3:48 PM,,0,"# *User Story*
Với vai trò là khách hàng,
Tôi muốn xem chi tiết sản phẩm,
Để có đủ thông tin trước khi quyết định mua.
# *Tiêu chí chấp nhận*

* Hiển thị mô tả sản phẩm
* Hiển thị giá
* Hiển thị ảnh sản phẩm",,VŨ ĐẶNG,712020:00595771-ccd0-4354-a581-4aa70b2e347b,,,,,,,,,,,,,com.atlassian.servicedesk.plugins.approvals.internal.customfield.ApprovalsCFValue@421a1224,,,,,,,,,,,,,,,,,,,,0|i0000q:sy,,,,,,,,,TEC Sprint 1: Core Features,,,,,,,,,,,,,,,,10046_*:*_2_*:*_1016500131_*|*_10047_*:*_2_*:*_4102,10181,TEC-12,Xem và tìm kiếm sản phẩm,Done,15/Mar/26 3:48 PM
Lọc sản phẩm theo danh mục,TEC-6,10175,Task,Done,TEC,TechGadget E-commerce,software,VŨ ĐẶNG,712020:00595771-ccd0-4354-a581-4aa70b2e347b,,Medium,Done,VŨ ĐẶNG,712020:00595771-ccd0-4354-a581-4aa70b2e347b,VŨ ĐẶNG,712020:00595771-ccd0-4354-a581-4aa70b2e347b,VŨ ĐẶNG,712020:00595771-ccd0-4354-a581-4aa70b2e347b,27/Feb/26 3:20 PM,15/Mar/26 9:02 PM,15/Mar/26 9:04 PM,15/Mar/26 3:48 PM,,0,"# *User Story*
Với vai trò là khách hàng,
Tôi muốn lọc sản phẩm theo danh mục,
Để tìm sản phẩm phù hợp và nhanh hơn.
# *Tiêu chí chấp nhận*

* Lọc theo categoryId
* Trả về danh sách đúng danh mục
* Nếu không có sản phẩm → hiển thị danh sách rỗng",,VŨ ĐẶNG,712020:00595771-ccd0-4354-a581-4aa70b2e347b,,,,,,,,,,,,,com.atlassian.servicedesk.plugins.approvals.internal.customfield.ApprovalsCFValue@7caa4fa6,,,,,,,,,,,,,,,,,,,,0|i0000q:v,,,,,,,,,TEC Sprint 1: Core Features,,,,,,,,,,,,,,,,10046_*:*_2_*:*_1384042085_*|*_10047_*:*_2_*:*_13279,10181,TEC-12,Xem và tìm kiếm sản phẩm,Done,15/Mar/26 3:48 PM
Quản lý tài khoản người dùng,TEC-2,10171,Epic,Done,TEC,TechGadget E-commerce,software,VŨ ĐẶNG,712020:00595771-ccd0-4354-a581-4aa70b2e347b,,Medium,Done,VŨ ĐẶNG,712020:00595771-ccd0-4354-a581-4aa70b2e347b,VŨ ĐẶNG,712020:00595771-ccd0-4354-a581-4aa70b2e347b,VŨ ĐẶNG,712020:00595771-ccd0-4354-a581-4aa70b2e347b,27/Feb/26 3:02 PM,10/Apr/26 8:46 PM,10/Apr/26 8:46 PM,10/Apr/26 8:46 PM,31/Mar/26 12:00 AM,0,"Module quản lý tài khoản người dùng bao gồm đăng ký, đăng nhập và cập nhật thông tin cá nhân.",,VŨ ĐẶNG,712020:00595771-ccd0-4354-a581-4aa70b2e347b,,,,,,,,,,,,,com.atlassian.servicedesk.plugins.approvals.internal.customfield.ApprovalsCFValue@704928eb,,,,,,,,,,,,,purple,,,,,,,0|i0000r:,,,,,,,,,,,,,,,,,,,,,,,,,10046_*:*_1_*:*_3649451035_*|*_10048_*:*_1_*:*_0,,,,Done,10/Apr/26 8:46 PM
Cập nhật trạng thái đơn hàng,TEC-16,10185,Task,Done,TEC,TechGadget E-commerce,software,VŨ ĐẶNG,712020:00595771-ccd0-4354-a581-4aa70b2e347b,,Medium,Done,VŨ ĐẶNG,712020:00595771-ccd0-4354-a581-4aa70b2e347b,VŨ ĐẶNG,712020:00595771-ccd0-4354-a581-4aa70b2e347b,VŨ ĐẶNG,712020:00595771-ccd0-4354-a581-4aa70b2e347b,27/Feb/26 3:24 PM,22/Mar/26 7:35 PM,27/Feb/26 8:55 PM,19/Mar/26 8:11 PM,,0,"# *User Story*
Với vai trò là quản trị viên,
Tôi muốn cập nhật trạng thái đơn hàng,
Để khách hàng theo dõi được tiến trình xử lý.
# *Tiêu chí chấp nhận*

* Có thể chuyển trạng thái sang “Đang xử lý”, “Đã gửi”
* Thay đổi được lưu vào hệ thống
* Khách hàng nhìn thấy trạng thái mới",,VŨ ĐẶNG,712020:00595771-ccd0-4354-a581-4aa70b2e347b,,,,,,,,,,,,,com.atlassian.servicedesk.plugins.approvals.internal.customfield.ApprovalsCFValue@31d3185c,,,,,,,,,,,,,,,,,,,,0|i0002y:9,,,,,,,,,TEC Sprint 2:Advanced Features,,,,,,,,,,,,,,,,10046_*:*_1_*:*_1637487421_*|*_10047_*:*_1_*:*_0,10191,TEC-22,Quản trị hệ thống (Admin),Done,19/Mar/26 8:11 PM
Recommendation System,TEC-25,10194,Task,Done,TEC,TechGadget E-commerce,software,VŨ ĐẶNG,712020:00595771-ccd0-4354-a581-4aa70b2e347b,,Medium,Done,dangtrungkien040804,712020:3fca45f9-33ae-49a6-999a-a94f363ec5be,VŨ ĐẶNG,712020:00595771-ccd0-4354-a581-4aa70b2e347b,VŨ ĐẶNG,712020:00595771-ccd0-4354-a581-4aa70b2e347b,02/Mar/26 2:14 PM,02/Apr/26 1:32 PM,17/Mar/26 9:36 PM,02/Apr/26 1:32 PM,,0,,,VŨ ĐẶNG,712020:00595771-ccd0-4354-a581-4aa70b2e347b,,,,,,,,,,,,,com.atlassian.servicedesk.plugins.approvals.internal.customfield.ApprovalsCFValue@2c490cca,,,,,,,,,,,,,,,,,,,,0|i0002y:a,,,,,,,,,TEC Sprint 2:Advanced Features,,,,,,,,,,,,,,,,10046_*:*_1_*:*_1329158091_*|*_10047_*:*_1_*:*_0,,,,Done,02/Apr/26 1:32 PM
Đăng xuất,TEC-24,10193,Task,Done,TEC,TechGadget E-commerce,software,VŨ ĐẶNG,712020:00595771-ccd0-4354-a581-4aa70b2e347b,,Medium,Done,VŨ ĐẶNG,712020:00595771-ccd0-4354-a581-4aa70b2e347b,VŨ ĐẶNG,712020:00595771-ccd0-4354-a581-4aa70b2e347b,VŨ ĐẶNG,712020:00595771-ccd0-4354-a581-4aa70b2e347b,02/Mar/26 2:14 PM,22/Mar/26 2:14 PM,,22/Mar/26 2:14 PM,,0,,,VŨ ĐẶNG,712020:00595771-ccd0-4354-a581-4aa70b2e347b,,,,,,,,,,,,,com.atlassian.servicedesk.plugins.approvals.internal.customfield.ApprovalsCFValue@20ba5236,,,,,,,,,,,,,,,,,,,,0|i0002y:b,,,,,,,,,TEC Sprint 2:Advanced Features,,,,,,,,,,,,,,,,10046_*:*_1_*:*_1329148580_*|*_10047_*:*_1_*:*_0,,,,Done,22/Mar/26 2:14 PM
Thanh toán Online,TEC-57,10285,Task,Done,TEC,TechGadget E-commerce,software,VŨ ĐẶNG,712020:00595771-ccd0-4354-a581-4aa70b2e347b,,Medium,Done,VŨ ĐẶNG,712020:00595771-ccd0-4354-a581-4aa70b2e347b,VŨ ĐẶNG,712020:00595771-ccd0-4354-a581-4aa70b2e347b,VŨ ĐẶNG,712020:00595771-ccd0-4354-a581-4aa70b2e347b,17/Mar/26 11:26 PM,10/Apr/26 8:41 PM,,22/Mar/26 2:14 PM,,0,,,VŨ ĐẶNG,712020:00595771-ccd0-4354-a581-4aa70b2e347b,,,,,,,,,,,,,com.atlassian.servicedesk.plugins.approvals.internal.customfield.ApprovalsCFValue@15e8748e,,,,,,,,,,,,,,,,,,,,0|i0002y:c,,,,,,,,,TEC Sprint 2:Advanced Features,,,,,,,,,,,,,,,,10046_*:*_1_*:*_29628_*|*_10047_*:*_1_*:*_0,10329,TEC-65,Checkout,Done,22/Mar/26 2:14 PM
Xem lịch sử đơn hàng,TEC-10,10179,Task,Done,TEC,TechGadget E-commerce,software,VŨ ĐẶNG,712020:00595771-ccd0-4354-a581-4aa70b2e347b,,Medium,Done,Lê Quang Huy,712020:dd3b3a09-10d8-47f9-a3e6-4d143d9a06db,VŨ ĐẶNG,712020:00595771-ccd0-4354-a581-4aa70b2e347b,VŨ ĐẶNG,712020:00595771-ccd0-4354-a581-4aa70b2e347b,27/Feb/26 3:21 PM,22/Mar/26 2:49 PM,27/Feb/26 8:57 PM,22/Mar/26 2:49 PM,,0,"# *User Story*
Với vai trò là khách hàng,
Tôi muốn xem các đơn hàng đã mua,
Để theo dõi lại lịch sử giao dịch.
# *Tiêu chí chấp nhận*

* Hiển thị danh sách đơn theo tài khoản
* Mỗi đơn hiển thị ngày tạo và trạng thái",,VŨ ĐẶNG,712020:00595771-ccd0-4354-a581-4aa70b2e347b,,,,,,,,,,,,,com.atlassian.servicedesk.plugins.approvals.internal.customfield.ApprovalsCFValue@2b18dedb,,,,,,,,,,,,,,,,,,,,0|i0002y:ci,,,,,,,,,TEC Sprint 2:Advanced Features,,,,,,,,,,,,,,,,10046_*:*_1_*:*_1637688482_*|*_10047_*:*_1_*:*_0,10182,TEC-13,Quản lý đơn hàng,Done,22/Mar/26 2:49 PM
Theo dõi trạng thái đơn hàng,TEC-11,10180,Task,Done,TEC,TechGadget E-commerce,software,VŨ ĐẶNG,712020:00595771-ccd0-4354-a581-4aa70b2e347b,,Medium,Done,Lê Quang Huy,712020:dd3b3a09-10d8-47f9-a3e6-4d143d9a06db,VŨ ĐẶNG,712020:00595771-ccd0-4354-a581-4aa70b2e347b,VŨ ĐẶNG,712020:00595771-ccd0-4354-a581-4aa70b2e347b,27/Feb/26 3:21 PM,22/Mar/26 2:49 PM,27/Feb/26 8:57 PM,22/Mar/26 2:49 PM,,0,"# *User Story*
Với vai trò là khách hàng,
Tôi muốn xem trạng thái đơn hàng,
Để biết đơn đang được xử lý hay đã giao.
# *Tiêu chí chấp nhận*

* Hiển thị trạng thái hiện tại (Đang xử lý / Đã gửi)
* Cập nhật khi admin thay đổi trạng thái",,VŨ ĐẶNG,712020:00595771-ccd0-4354-a581-4aa70b2e347b,,,,,,,,,,,,,com.atlassian.servicedesk.plugins.approvals.internal.customfield.ApprovalsCFValue@337528f2,,,,,,,,,,,,,,,,,,,,0|i0002y:cr,,,,,,,,,TEC Sprint 2:Advanced Features,,,,,,,,,,,,,,,,10046_*:*_1_*:*_1637697615_*|*_10047_*:*_1_*:*_0,10182,TEC-13,Quản lý đơn hàng,Done,22/Mar/26 2:49 PM
Tìm kiếm sản phẩm,TEC-7,10176,Task,Done,TEC,TechGadget E-commerce,software,VŨ ĐẶNG,712020:00595771-ccd0-4354-a581-4aa70b2e347b,,Medium,Done,Lê Quang Huy,712020:dd3b3a09-10d8-47f9-a3e6-4d143d9a06db,VŨ ĐẶNG,712020:00595771-ccd0-4354-a581-4aa70b2e347b,VŨ ĐẶNG,712020:00595771-ccd0-4354-a581-4aa70b2e347b,27/Feb/26 3:21 PM,24/Mar/26 9:45 PM,27/Feb/26 8:58 PM,24/Mar/26 9:45 PM,,0,"# *User Story*
Với vai trò là khách hàng,
Tôi muốn tìm kiếm sản phẩm theo từ khóa,
Để nhanh chóng tìm được sản phẩm mong muốn.
# *Tiêu chí chấp nhận*

* Tìm theo tên sản phẩm
* Không phân biệt chữ hoa chữ thường
* Trả về danh sách sản phẩm phù hợp",,VŨ ĐẶNG,712020:00595771-ccd0-4354-a581-4aa70b2e347b,,,,,,,,,,,,,com.atlassian.servicedesk.plugins.approvals.internal.customfield.ApprovalsCFValue@39b43314,,,,,,,,,,,,,,,,,,,,0|i0002y:ct,,,,,,,,,TEC Sprint 2:Advanced Features,,,,,,,,,,,,,,,,10046_*:*_1_*:*_1584398845_*|*_10047_*:*_1_*:*_0,10181,TEC-12,Xem và tìm kiếm sản phẩm,Done,24/Mar/26 9:45 PM
Quản lý người dùng,TEC-17,10186,Task,Done,TEC,TechGadget E-commerce,software,VŨ ĐẶNG,712020:00595771-ccd0-4354-a581-4aa70b2e347b,,Medium,Done,dangtrungkien040804,712020:3fca45f9-33ae-49a6-999a-a94f363ec5be,VŨ ĐẶNG,712020:00595771-ccd0-4354-a581-4aa70b2e347b,VŨ ĐẶNG,712020:00595771-ccd0-4354-a581-4aa70b2e347b,27/Feb/26 3:25 PM,22/Mar/26 7:35 PM,27/Feb/26 8:55 PM,22/Mar/26 7:35 PM,,0,"# *User Story*
Với vai trò là quản trị viên,
Tôi muốn xem và khóa tài khoản người dùng,
Để đảm bảo hệ thống hoạt động ổn định và xử lý vi phạm.
# *Tiêu chí chấp nhận*

* Tìm kiếm người dùng theo email
* Xem thông tin tài khoản
* Khóa hoặc mở khóa tài khoản
* Tài khoản bị khóa không thể đăng nhập",,VŨ ĐẶNG,712020:00595771-ccd0-4354-a581-4aa70b2e347b,,,,,,,,,,,,,com.atlassian.servicedesk.plugins.approvals.internal.customfield.ApprovalsCFValue@26bb72c0,,,,,,,,,,,,,,,,,,,,0|i0002y:cv,,,,,,,,,TEC Sprint 2:Advanced Features,,,,,,,,,,,,,,,,10046_*:*_1_*:*_1584152184_*|*_10047_*:*_1_*:*_0,10191,TEC-22,Quản trị hệ thống (Admin),Done,22/Mar/26 7:35 PM
Xem và tìm kiếm sản phẩm,TEC-12,10181,Epic,Done,TEC,TechGadget E-commerce,software,VŨ ĐẶNG,712020:00595771-ccd0-4354-a581-4aa70b2e347b,,Medium,Done,Lê Quang Huy,712020:dd3b3a09-10d8-47f9-a3e6-4d143d9a06db,VŨ ĐẶNG,712020:00595771-ccd0-4354-a581-4aa70b2e347b,VŨ ĐẶNG,712020:00595771-ccd0-4354-a581-4aa70b2e347b,27/Feb/26 3:21 PM,12/Apr/26 2:56 PM,10/Apr/26 8:46 PM,10/Apr/26 8:46 PM,,0,,,VŨ ĐẶNG,712020:00595771-ccd0-4354-a581-4aa70b2e347b,,,,,,,,,,,,,com.atlassian.servicedesk.plugins.approvals.internal.customfield.ApprovalsCFValue@29c36898,,,,,,,,,,,,,dark_teal,,,,,,,0|i0002z:,,,,,,,,,,,,,,,,,,,,,,,,,10046_*:*_1_*:*_3648293234_*|*_10048_*:*_1_*:*_0,,,,Done,10/Apr/26 8:46 PM
Quản lý đơn hàng,TEC-13,10182,Epic,Done,TEC,TechGadget E-commerce,software,VŨ ĐẶNG,712020:00595771-ccd0-4354-a581-4aa70b2e347b,,Medium,Done,VŨ ĐẶNG,712020:00595771-ccd0-4354-a581-4aa70b2e347b,VŨ ĐẶNG,712020:00595771-ccd0-4354-a581-4aa70b2e347b,VŨ ĐẶNG,712020:00595771-ccd0-4354-a581-4aa70b2e347b,27/Feb/26 3:23 PM,12/Apr/26 2:57 PM,10/Apr/26 8:46 PM,10/Apr/26 8:46 PM,,0,,,VŨ ĐẶNG,712020:00595771-ccd0-4354-a581-4aa70b2e347b,,,,,,,,,,,,,com.atlassian.servicedesk.plugins.approvals.internal.customfield.ApprovalsCFValue@26263b35,,,,,,,,,,,,,dark_grey,,,,,,,0|i00037:,,,,,,,,,,,,,,,,,,,,,,,,,10046_*:*_1_*:*_3648206162_*|*_10048_*:*_1_*:*_0,,,,Done,10/Apr/26 8:46 PM
Quản lý giỏ hàng,TEC-21,10190,Epic,Done,TEC,TechGadget E-commerce,software,VŨ ĐẶNG,712020:00595771-ccd0-4354-a581-4aa70b2e347b,,Medium,Done,VŨ ĐẶNG,712020:00595771-ccd0-4354-a581-4aa70b2e347b,VŨ ĐẶNG,712020:00595771-ccd0-4354-a581-4aa70b2e347b,VŨ ĐẶNG,712020:00595771-ccd0-4354-a581-4aa70b2e347b,27/Feb/26 3:28 PM,12/Apr/26 2:57 PM,10/Apr/26 8:46 PM,10/Apr/26 8:46 PM,,0,,,VŨ ĐẶNG,712020:00595771-ccd0-4354-a581-4aa70b2e347b,,,,,,,,,,,,,com.atlassian.servicedesk.plugins.approvals.internal.customfield.ApprovalsCFValue@69510373,,,,,,,,,,,,,grey,,,,,,,0|i0004b:,,,,,,,,,,,,,,,,,,,,,,,,,10046_*:*_1_*:*_3647910749_*|*_10048_*:*_1_*:*_0,,,,Done,10/Apr/26 8:46 PM
Quản trị hệ thống (Admin),TEC-22,10191,Epic,Done,TEC,TechGadget E-commerce,software,VŨ ĐẶNG,712020:00595771-ccd0-4354-a581-4aa70b2e347b,,Medium,Done,VŨ ĐẶNG,712020:00595771-ccd0-4354-a581-4aa70b2e347b,VŨ ĐẶNG,712020:00595771-ccd0-4354-a581-4aa70b2e347b,VŨ ĐẶNG,712020:00595771-ccd0-4354-a581-4aa70b2e347b,27/Feb/26 3:28 PM,12/Apr/26 2:57 PM,10/Apr/26 8:46 PM,10/Apr/26 8:46 PM,,0,,,VŨ ĐẶNG,712020:00595771-ccd0-4354-a581-4aa70b2e347b,,,,,,,,,,,,,com.atlassian.servicedesk.plugins.approvals.internal.customfield.ApprovalsCFValue@68a19226,,,,,,,,,,,,,dark_purple,,,,,,,0|i0004j:,,,,,,,,,,,,,,,,,,,,,,,,,10046_*:*_1_*:*_3647903049_*|*_10048_*:*_1_*:*_0,,,,Done,10/Apr/26 8:46 PM
Frontend,TEC-26,10196,Subtask,Done,TEC,TechGadget E-commerce,software,VŨ ĐẶNG,712020:00595771-ccd0-4354-a581-4aa70b2e347b,,Medium,Done,dangtrungkien040804,712020:3fca45f9-33ae-49a6-999a-a94f363ec5be,VŨ ĐẶNG,712020:00595771-ccd0-4354-a581-4aa70b2e347b,VŨ ĐẶNG,712020:00595771-ccd0-4354-a581-4aa70b2e347b,02/Mar/26 3:15 PM,17/Mar/26 11:24 PM,04/Mar/26 5:12 PM,17/Mar/26 11:24 PM,,0,"* Tạo form đăng ký
* Validate phía client
* Gọi API register
* Hiển thị lỗi nếu email trùng
* Redirect sau khi đăng ký thành công",,VŨ ĐẶNG,712020:00595771-ccd0-4354-a581-4aa70b2e347b,,,,,,,,,,,,,com.atlassian.servicedesk.plugins.approvals.internal.customfield.ApprovalsCFValue@6735fee1,,,,,,,,,,,,,,,,,,,,0|i00057:,,,,,,,,,TEC Sprint 1: Core Features,,,,,,,,,,,,,,,,10046_*:*_1_*:*_1325321167_*|*_10048_*:*_1_*:*_0,10170,TEC-1,Đăng ký tài khoản,Done,17/Mar/26 11:24 PM
Backend,TEC-27,10198,Subtask,Done,TEC,TechGadget E-commerce,software,VŨ ĐẶNG,712020:00595771-ccd0-4354-a581-4aa70b2e347b,,Medium,Done,dangtrungkien040804,712020:3fca45f9-33ae-49a6-999a-a94f363ec5be,VŨ ĐẶNG,712020:00595771-ccd0-4354-a581-4aa70b2e347b,VŨ ĐẶNG,712020:00595771-ccd0-4354-a581-4aa70b2e347b,04/Mar/26 10:09 AM,17/Mar/26 11:24 PM,,17/Mar/26 11:24 PM,,0,,,VŨ ĐẶNG,712020:00595771-ccd0-4354-a581-4aa70b2e347b,,,,,,,,,,,,,com.atlassian.servicedesk.plugins.approvals.internal.customfield.ApprovalsCFValue@5103abc1,,,,,,,,,,,,,,,,,,,,0|i0005f:,,,,,,,,,TEC Sprint 1: Core Features,,,,,,,,,,,,,,,,10046_*:*_1_*:*_1170872082_*|*_10048_*:*_1_*:*_0,10170,TEC-1,Đăng ký tài khoản,Done,17/Mar/26 11:24 PM
Home,TEC-28,10200,Subtask,Done,TEC,TechGadget E-commerce,software,VŨ ĐẶNG,712020:00595771-ccd0-4354-a581-4aa70b2e347b,,Medium,Done,Lê Quang Huy,712020:dd3b3a09-10d8-47f9-a3e6-4d143d9a06db,VŨ ĐẶNG,712020:00595771-ccd0-4354-a581-4aa70b2e347b,VŨ ĐẶNG,712020:00595771-ccd0-4354-a581-4aa70b2e347b,04/Mar/26 2:14 PM,11/Mar/26 9:34 AM,,11/Mar/26 9:34 AM,,0,,,VŨ ĐẶNG,712020:00595771-ccd0-4354-a581-4aa70b2e347b,,,,,,,,,,,,,com.atlassian.servicedesk.plugins.approvals.internal.customfield.ApprovalsCFValue@23da7835,,,,,,,,,,,,,,,,,,,,0|i0005n:,,,,,,,,,TEC Sprint 1: Core Features,,,,,,,,,,,,,,,,10046_*:*_1_*:*_587963570_*|*_10048_*:*_1_*:*_0,10174,TEC-5,Xem danh sách sản phẩm,Done,11/Mar/26 9:34 AM
backend,TEC-29,10202,Subtask,Done,TEC,TechGadget E-commerce,software,VŨ ĐẶNG,712020:00595771-ccd0-4354-a581-4aa70b2e347b,,Medium,Done,VŨ ĐẶNG,712020:00595771-ccd0-4354-a581-4aa70b2e347b,VŨ ĐẶNG,712020:00595771-ccd0-4354-a581-4aa70b2e347b,VŨ ĐẶNG,712020:00595771-ccd0-4354-a581-4aa70b2e347b,04/Mar/26 2:17 PM,15/Mar/26 9:03 PM,,15/Mar/26 9:03 PM,,0,,,VŨ ĐẶNG,712020:00595771-ccd0-4354-a581-4aa70b2e347b,,,,,,,,,,,,,com.atlassian.servicedesk.plugins.approvals.internal.customfield.ApprovalsCFValue@1cf64938,,,,,,,,,,,,,,,,,,,,0|i0005v:,,,,,,,,,TEC Sprint 1: Core Features,,,,,,,,,,,,,,,,10046_*:*_1_*:*_974749438_*|*_10048_*:*_1_*:*_0,10174,TEC-5,Xem danh sách sản phẩm,Done,15/Mar/26 9:03 PM
Thiết kế Database,TEC-30,10204,Subtask,Done,TEC,TechGadget E-commerce,software,VŨ ĐẶNG,712020:00595771-ccd0-4354-a581-4aa70b2e347b,,Medium,Done,VŨ ĐẶNG,712020:00595771-ccd0-4354-a581-4aa70b2e347b,VŨ ĐẶNG,712020:00595771-ccd0-4354-a581-4aa70b2e347b,VŨ ĐẶNG,712020:00595771-ccd0-4354-a581-4aa70b2e347b,09/Mar/26 11:22 AM,17/Mar/26 11:23 PM,,17/Mar/26 11:23 PM,,0,,,VŨ ĐẶNG,712020:00595771-ccd0-4354-a581-4aa70b2e347b,,,,,,,,,,,,,com.atlassian.servicedesk.plugins.approvals.internal.customfield.ApprovalsCFValue@30d8babc,,,,,,,,,,,,,,,,,,,,0|i00063:,,,,,,,,,TEC Sprint 1: Core Features,,,,,,,,,,,,,,,,10046_*:*_1_*:*_60816_*|*_10048_*:*_1_*:*_167576195_*|*_10047_*:*_2_*:*_50432,10183,TEC-14,Thêm/Sửa/Xóa sản phẩm,Done,17/Mar/26 11:23 PM
Xử lý dataset và import vào DB,TEC-31,10206,Subtask,Done,TEC,TechGadget E-commerce,software,VŨ ĐẶNG,712020:00595771-ccd0-4354-a581-4aa70b2e347b,,Medium,Done,VŨ ĐẶNG,712020:00595771-ccd0-4354-a581-4aa70b2e347b,VŨ ĐẶNG,712020:00595771-ccd0-4354-a581-4aa70b2e347b,VŨ ĐẶNG,712020:00595771-ccd0-4354-a581-4aa70b2e347b,09/Mar/26 11:23 AM,09/Mar/26 11:24 AM,,09/Mar/26 11:23 AM,,0,,,VŨ ĐẶNG,712020:00595771-ccd0-4354-a581-4aa70b2e347b,,,,,,,,,,,,,com.atlassian.servicedesk.plugins.approvals.internal.customfield.ApprovalsCFValue@4b73de38,,,,,,,,,,,,,,,,,,,,0|i0006b:,,,,,,,,,TEC Sprint 1: Core Features,,,,,,,,,,,,,,,,10046_*:*_1_*:*_56199_*|*_10047_*:*_1_*:*_0,10183,TEC-14,Thêm/Sửa/Xóa sản phẩm,Done,09/Mar/26 11:23 AM
Tạo DTO cho hệ thống,TEC-32,10208,Subtask,Done,TEC,TechGadget E-commerce,software,VŨ ĐẶNG,712020:00595771-ccd0-4354-a581-4aa70b2e347b,,Medium,Done,VŨ ĐẶNG,712020:00595771-ccd0-4354-a581-4aa70b2e347b,VŨ ĐẶNG,712020:00595771-ccd0-4354-a581-4aa70b2e347b,VŨ ĐẶNG,712020:00595771-ccd0-4354-a581-4aa70b2e347b,09/Mar/26 11:23 AM,09/Mar/26 11:24 AM,,09/Mar/26 11:24 AM,,0,,,VŨ ĐẶNG,712020:00595771-ccd0-4354-a581-4aa70b2e347b,,,,,,,,,,,,,com.atlassian.servicedesk.plugins.approvals.internal.customfield.ApprovalsCFValue@f3c6d7c,,,,,,,,,,,,,,,,,,,,0|i0006j:,,,,,,,,,TEC Sprint 1: Core Features,,,,,,,,,,,,,,,,10046_*:*_1_*:*_56298_*|*_10048_*:*_1_*:*_0,10183,TEC-14,Thêm/Sửa/Xóa sản phẩm,Done,09/Mar/26 11:24 AM
"Tạo giao diện cơ bản (Dashboard, Login)",TEC-33,10210,Subtask,Done,TEC,TechGadget E-commerce,software,VŨ ĐẶNG,712020:00595771-ccd0-4354-a581-4aa70b2e347b,,Medium,Done,VŨ ĐẶNG,712020:00595771-ccd0-4354-a581-4aa70b2e347b,VŨ ĐẶNG,712020:00595771-ccd0-4354-a581-4aa70b2e347b,VŨ ĐẶNG,712020:00595771-ccd0-4354-a581-4aa70b2e347b,09/Mar/26 11:23 AM,09/Mar/26 11:24 AM,,09/Mar/26 11:24 AM,,0,,,VŨ ĐẶNG,712020:00595771-ccd0-4354-a581-4aa70b2e347b,,,,,,,,,,,,,com.atlassian.servicedesk.plugins.approvals.internal.customfield.ApprovalsCFValue@14bba6a8,,,,,,,,,,,,,,,,,,,,0|i0006r:,,,,,,,,,TEC Sprint 1: Core Features,,,,,,,,,,,,,,,,10046_*:*_1_*:*_71627_*|*_10048_*:*_1_*:*_0,10183,TEC-14,Thêm/Sửa/Xóa sản phẩm,Done,09/Mar/26 11:24 AM
Module quản lý Brand,TEC-34,10212,Subtask,Done,TEC,TechGadget E-commerce,software,VŨ ĐẶNG,712020:00595771-ccd0-4354-a581-4aa70b2e347b,,Medium,Done,VŨ ĐẶNG,712020:00595771-ccd0-4354-a581-4aa70b2e347b,VŨ ĐẶNG,712020:00595771-ccd0-4354-a581-4aa70b2e347b,VŨ ĐẶNG,712020:00595771-ccd0-4354-a581-4aa70b2e347b,09/Mar/26 11:23 AM,09/Mar/26 11:24 AM,,09/Mar/26 11:24 AM,,0,,,VŨ ĐẶNG,712020:00595771-ccd0-4354-a581-4aa70b2e347b,,,,,,,,,,,,,com.atlassian.servicedesk.plugins.approvals.internal.customfield.ApprovalsCFValue@4313d6e9,,,,,,,,,,,,,,,,,,,,0|i0006z:,,,,,,,,,TEC Sprint 1: Core Features,,,,,,,,,,,,,,,,10046_*:*_1_*:*_68966_*|*_10048_*:*_1_*:*_0,10183,TEC-14,Thêm/Sửa/Xóa sản phẩm,Done,09/Mar/26 11:24 AM
Module quản lý Category,TEC-35,10214,Subtask,Done,TEC,TechGadget E-commerce,software,VŨ ĐẶNG,712020:00595771-ccd0-4354-a581-4aa70b2e347b,,Medium,Done,VŨ ĐẶNG,712020:00595771-ccd0-4354-a581-4aa70b2e347b,VŨ ĐẶNG,712020:00595771-ccd0-4354-a581-4aa70b2e347b,VŨ ĐẶNG,712020:00595771-ccd0-4354-a581-4aa70b2e347b,09/Mar/26 11:23 AM,09/Mar/26 11:24 AM,,09/Mar/26 11:24 AM,,0,,,VŨ ĐẶNG,712020:00595771-ccd0-4354-a581-4aa70b2e347b,,,,,,,,,,,,,com.atlassian.servicedesk.plugins.approvals.internal.customfield.ApprovalsCFValue@414a9147,,,,,,,,,,,,,,,,,,,,0|i00077:,,,,,,,,,TEC Sprint 1: Core Features,,,,,,,,,,,,,,,,10046_*:*_1_*:*_65309_*|*_10048_*:*_1_*:*_0,10183,TEC-14,Thêm/Sửa/Xóa sản phẩm,Done,09/Mar/26 11:24 AM
Module quản lý Attribute,TEC-36,10216,Subtask,Done,TEC,TechGadget E-commerce,software,VŨ ĐẶNG,712020:00595771-ccd0-4354-a581-4aa70b2e347b,,Medium,Done,VŨ ĐẶNG,712020:00595771-ccd0-4354-a581-4aa70b2e347b,VŨ ĐẶNG,712020:00595771-ccd0-4354-a581-4aa70b2e347b,VŨ ĐẶNG,712020:00595771-ccd0-4354-a581-4aa70b2e347b,09/Mar/26 11:23 AM,09/Mar/26 11:24 AM,,09/Mar/26 11:24 AM,,0,,,VŨ ĐẶNG,712020:00595771-ccd0-4354-a581-4aa70b2e347b,,,,,,,,,,,,,com.atlassian.servicedesk.plugins.approvals.internal.customfield.ApprovalsCFValue@17cd9cfb,,,,,,,,,,,,,,,,,,,,0|i0007f:,,,,,,,,,TEC Sprint 1: Core Features,,,,,,,,,,,,,,,,10046_*:*_1_*:*_66969_*|*_10048_*:*_1_*:*_0,10183,TEC-14,Thêm/Sửa/Xóa sản phẩm,Done,09/Mar/26 11:24 AM
Module quản lý Product,TEC-37,10218,Subtask,Done,TEC,TechGadget E-commerce,software,VŨ ĐẶNG,712020:00595771-ccd0-4354-a581-4aa70b2e347b,,Medium,Done,VŨ ĐẶNG,712020:00595771-ccd0-4354-a581-4aa70b2e347b,VŨ ĐẶNG,712020:00595771-ccd0-4354-a581-4aa70b2e347b,VŨ ĐẶNG,712020:00595771-ccd0-4354-a581-4aa70b2e347b,09/Mar/26 11:23 AM,09/Mar/26 11:24 AM,,09/Mar/26 11:24 AM,,0,,,VŨ ĐẶNG,712020:00595771-ccd0-4354-a581-4aa70b2e347b,,,,,,,,,,,,,com.atlassian.servicedesk.plugins.approvals.internal.customfield.ApprovalsCFValue@207614c7,,,,,,,,,,,,,,,,,,,,0|i0007n:,,,,,,,,,TEC Sprint 1: Core Features,,,,,,,,,,,,,,,,10046_*:*_1_*:*_65784_*|*_10048_*:*_1_*:*_0,10183,TEC-14,Thêm/Sửa/Xóa sản phẩm,Done,09/Mar/26 11:24 AM
Module Variant và Variant Attribute,TEC-38,10220,Subtask,Done,TEC,TechGadget E-commerce,software,VŨ ĐẶNG,712020:00595771-ccd0-4354-a581-4aa70b2e347b,,Medium,Done,VŨ ĐẶNG,712020:00595771-ccd0-4354-a581-4aa70b2e347b,VŨ ĐẶNG,712020:00595771-ccd0-4354-a581-4aa70b2e347b,VŨ ĐẶNG,712020:00595771-ccd0-4354-a581-4aa70b2e347b,09/Mar/26 11:23 AM,09/Mar/26 11:24 AM,,09/Mar/26 11:24 AM,,0,,,VŨ ĐẶNG,712020:00595771-ccd0-4354-a581-4aa70b2e347b,,,,,,,,,,,,,com.atlassian.servicedesk.plugins.approvals.internal.customfield.ApprovalsCFValue@31a65913,,,,,,,,,,,,,,,,,,,,0|i0007v:,,,,,,,,,TEC Sprint 1: Core Features,,,,,,,,,,,,,,,,10046_*:*_1_*:*_64982_*|*_10047_*:*_1_*:*_0,10183,TEC-14,Thêm/Sửa/Xóa sản phẩm,Done,09/Mar/26 11:24 AM
Hoàn thiện giao diện Admin,TEC-39,10222,Subtask,Done,TEC,TechGadget E-commerce,software,VŨ ĐẶNG,712020:00595771-ccd0-4354-a581-4aa70b2e347b,,Medium,Done,VŨ ĐẶNG,712020:00595771-ccd0-4354-a581-4aa70b2e347b,VŨ ĐẶNG,712020:00595771-ccd0-4354-a581-4aa70b2e347b,VŨ ĐẶNG,712020:00595771-ccd0-4354-a581-4aa70b2e347b,09/Mar/26 11:23 AM,17/Mar/26 11:23 PM,,17/Mar/26 11:23 PM,,0,,,VŨ ĐẶNG,712020:00595771-ccd0-4354-a581-4aa70b2e347b,,,,,,,,,,,,,com.atlassian.servicedesk.plugins.approvals.internal.customfield.ApprovalsCFValue@3312e625,,,,,,,,,,,,,,,,,,,,0|i00083:,,,,,,,,,TEC Sprint 1: Core Features,,,,,,,,,,,,,,,,10046_*:*_1_*:*_65118_*|*_10047_*:*_1_*:*_0,10183,TEC-14,Thêm/Sửa/Xóa sản phẩm,Done,17/Mar/26 11:23 PM
Kiểm thử hệ thống (Testing),TEC-40,10224,Subtask,Done,TEC,TechGadget E-commerce,software,VŨ ĐẶNG,712020:00595771-ccd0-4354-a581-4aa70b2e347b,,Medium,Done,VŨ ĐẶNG,712020:00595771-ccd0-4354-a581-4aa70b2e347b,VŨ ĐẶNG,712020:00595771-ccd0-4354-a581-4aa70b2e347b,VŨ ĐẶNG,712020:00595771-ccd0-4354-a581-4aa70b2e347b,09/Mar/26 11:23 AM,17/Mar/26 11:23 PM,,17/Mar/26 11:23 PM,,0,,,VŨ ĐẶNG,712020:00595771-ccd0-4354-a581-4aa70b2e347b,,,,,,,,,,,,,com.atlassian.servicedesk.plugins.approvals.internal.customfield.ApprovalsCFValue@31f83388,,,,,,,,,,,,,,,,,,,,0|i0008b:,,,,,,,,,TEC Sprint 1: Core Features,,,,,,,,,,,,,,,,10046_*:*_1_*:*_60487_*|*_10047_*:*_1_*:*_0,10183,TEC-14,Thêm/Sửa/Xóa sản phẩm,Done,17/Mar/26 11:23 PM
FE,TEC-41,10226,Subtask,Done,TEC,TechGadget E-commerce,software,VŨ ĐẶNG,712020:00595771-ccd0-4354-a581-4aa70b2e347b,,Medium,Done,Lê Quang Huy,712020:dd3b3a09-10d8-47f9-a3e6-4d143d9a06db,VŨ ĐẶNG,712020:00595771-ccd0-4354-a581-4aa70b2e347b,VŨ ĐẶNG,712020:00595771-ccd0-4354-a581-4aa70b2e347b,11/Mar/26 2:22 PM,17/Mar/26 11:24 PM,,17/Mar/26 11:24 PM,,0,,,VŨ ĐẶNG,712020:00595771-ccd0-4354-a581-4aa70b2e347b,,,,,,,,,,,,,com.atlassian.servicedesk.plugins.approvals.internal.customfield.ApprovalsCFValue@7c16ae0d,,,,,,,,,,,,,,,,,,,,0|i0008j:,,,,,,,,,TEC Sprint 1: Core Features,,,,,,,,,,,,,,,,10046_*:*_1_*:*_15434_*|*_10047_*:*_1_*:*_0,10178,TEC-9,Tạo đơn hàng,Done,17/Mar/26 11:24 PM
BE,TEC-42,10228,Subtask,Done,TEC,TechGadget E-commerce,software,VŨ ĐẶNG,712020:00595771-ccd0-4354-a581-4aa70b2e347b,,Medium,Done,dangtrungkien040804,712020:3fca45f9-33ae-49a6-999a-a94f363ec5be,VŨ ĐẶNG,712020:00595771-ccd0-4354-a581-4aa70b2e347b,VŨ ĐẶNG,712020:00595771-ccd0-4354-a581-4aa70b2e347b,11/Mar/26 2:22 PM,17/Mar/26 11:24 PM,,17/Mar/26 11:24 PM,,0,,,VŨ ĐẶNG,712020:00595771-ccd0-4354-a581-4aa70b2e347b,,,,,,,,,,,,,com.atlassian.servicedesk.plugins.approvals.internal.customfield.ApprovalsCFValue@62ce4548,,,,,,,,,,,,,,,,,,,,0|i0008r:,,,,,,,,,TEC Sprint 1: Core Features,,,,,,,,,,,,,,,,10046_*:*_1_*:*_12689_*|*_10047_*:*_1_*:*_0,10178,TEC-9,Tạo đơn hàng,Done,17/Mar/26 11:24 PM
FE,TEC-43,10259,Subtask,Done,TEC,TechGadget E-commerce,software,VŨ ĐẶNG,712020:00595771-ccd0-4354-a581-4aa70b2e347b,,Medium,Done,Lê Quang Huy,712020:dd3b3a09-10d8-47f9-a3e6-4d143d9a06db,VŨ ĐẶNG,712020:00595771-ccd0-4354-a581-4aa70b2e347b,VŨ ĐẶNG,712020:00595771-ccd0-4354-a581-4aa70b2e347b,15/Mar/26 9:03 PM,15/Mar/26 9:03 PM,,15/Mar/26 9:03 PM,,0,,,VŨ ĐẶNG,712020:00595771-ccd0-4354-a581-4aa70b2e347b,,,,,,,,,,,,,com.atlassian.servicedesk.plugins.approvals.internal.customfield.ApprovalsCFValue@169261cc,,,,,,,,,,,,,,,,,,,,0|i0008z:,,,,,,,,,TEC Sprint 1: Core Features,,,,,,,,,,,,,,,,10046_*:*_1_*:*_13423_*|*_10048_*:*_1_*:*_0,10177,TEC-8,Xem chi tiết sản phẩm,Done,15/Mar/26 9:03 PM
BE,TEC-44,10261,Subtask,Done,TEC,TechGadget E-commerce,software,VŨ ĐẶNG,712020:00595771-ccd0-4354-a581-4aa70b2e347b,,Medium,Done,VŨ ĐẶNG,712020:00595771-ccd0-4354-a581-4aa70b2e347b,VŨ ĐẶNG,712020:00595771-ccd0-4354-a581-4aa70b2e347b,VŨ ĐẶNG,712020:00595771-ccd0-4354-a581-4aa70b2e347b,15/Mar/26 9:03 PM,15/Mar/26 9:03 PM,,15/Mar/26 9:03 PM,,0,,,VŨ ĐẶNG,712020:00595771-ccd0-4354-a581-4aa70b2e347b,,,,,,,,,,,,,com.atlassian.servicedesk.plugins.approvals.internal.customfield.ApprovalsCFValue@c02b876,,,,,,,,,,,,,,,,,,,,0|i00097:,,,,,,,,,TEC Sprint 1: Core Features,,,,,,,,,,,,,,,,10046_*:*_1_*:*_10756_*|*_10048_*:*_1_*:*_0,10177,TEC-8,Xem chi tiết sản phẩm,Done,15/Mar/26 9:03 PM
FE,TEC-45,10263,Subtask,Done,TEC,TechGadget E-commerce,software,VŨ ĐẶNG,712020:00595771-ccd0-4354-a581-4aa70b2e347b,,Medium,Done,VŨ ĐẶNG,712020:00595771-ccd0-4354-a581-4aa70b2e347b,VŨ ĐẶNG,712020:00595771-ccd0-4354-a581-4aa70b2e347b,VŨ ĐẶNG,712020:00595771-ccd0-4354-a581-4aa70b2e347b,15/Mar/26 9:04 PM,15/Mar/26 9:04 PM,,15/Mar/26 9:04 PM,,0,,,VŨ ĐẶNG,712020:00595771-ccd0-4354-a581-4aa70b2e347b,,,,,,,,,,,,,com.atlassian.servicedesk.plugins.approvals.internal.customfield.ApprovalsCFValue@3720ae52,,,,,,,,,,,,,,,,,,,,0|i0009f:,,,,,,,,,TEC Sprint 1: Core Features,,,,,,,,,,,,,,,,10046_*:*_1_*:*_7910_*|*_10048_*:*_1_*:*_0,10175,TEC-6,Lọc sản phẩm theo danh mục,Done,15/Mar/26 9:04 PM
BE,TEC-46,10265,Subtask,Done,TEC,TechGadget E-commerce,software,VŨ ĐẶNG,712020:00595771-ccd0-4354-a581-4aa70b2e347b,,Medium,Done,VŨ ĐẶNG,712020:00595771-ccd0-4354-a581-4aa70b2e347b,VŨ ĐẶNG,712020:00595771-ccd0-4354-a581-4aa70b2e347b,VŨ ĐẶNG,712020:00595771-ccd0-4354-a581-4aa70b2e347b,15/Mar/26 9:04 PM,15/Mar/26 9:04 PM,,15/Mar/26 9:04 PM,,0,,,VŨ ĐẶNG,712020:00595771-ccd0-4354-a581-4aa70b2e347b,,,,,,,,,,,,,com.atlassian.servicedesk.plugins.approvals.internal.customfield.ApprovalsCFValue@275449fb,,,,,,,,,,,,,,,,,,,,0|i0009n:,,,,,,,,,TEC Sprint 1: Core Features,,,,,,,,,,,,,,,,10046_*:*_1_*:*_7109_*|*_10047_*:*_1_*:*_0,10175,TEC-6,Lọc sản phẩm theo danh mục,Done,15/Mar/26 9:04 PM
Tạo API cập nhật số lượng cart item,TEC-47,10267,Subtask,Done,TEC,TechGadget E-commerce,software,VŨ ĐẶNG,712020:00595771-ccd0-4354-a581-4aa70b2e347b,,Medium,Done,VŨ ĐẶNG,712020:00595771-ccd0-4354-a581-4aa70b2e347b,VŨ ĐẶNG,712020:00595771-ccd0-4354-a581-4aa70b2e347b,VŨ ĐẶNG,712020:00595771-ccd0-4354-a581-4aa70b2e347b,15/Mar/26 9:06 PM,15/Mar/26 9:09 PM,,15/Mar/26 9:09 PM,,0,,,VŨ ĐẶNG,712020:00595771-ccd0-4354-a581-4aa70b2e347b,,,,,,,,,,,,,com.atlassian.servicedesk.plugins.approvals.internal.customfield.ApprovalsCFValue@6757c4dc,,,,,,,,,,,,,,,,,,,,0|i0009v:,,,,,,,,,TEC Sprint 1: Core Features,,,,,,,,,,,,,,,,10046_*:*_1_*:*_187730_*|*_10048_*:*_1_*:*_0,10188,TEC-19,Cập nhật số lượng,Done,15/Mar/26 9:09 PM
Thêm UI tăng / giảm số lượng,TEC-48,10269,Subtask,Done,TEC,TechGadget E-commerce,software,VŨ ĐẶNG,712020:00595771-ccd0-4354-a581-4aa70b2e347b,,Medium,Done,Lê Quang Huy,712020:dd3b3a09-10d8-47f9-a3e6-4d143d9a06db,VŨ ĐẶNG,712020:00595771-ccd0-4354-a581-4aa70b2e347b,VŨ ĐẶNG,712020:00595771-ccd0-4354-a581-4aa70b2e347b,15/Mar/26 9:06 PM,17/Mar/26 11:23 PM,,17/Mar/26 11:23 PM,,0,,,VŨ ĐẶNG,712020:00595771-ccd0-4354-a581-4aa70b2e347b,,,,,,,,,,,,,com.atlassian.servicedesk.plugins.approvals.internal.customfield.ApprovalsCFValue@7e8f1148,,,,,,,,,,,,,,,,,,,,0|i000a3:,,,,,,,,,TEC Sprint 1: Core Features,,,,,,,,,,,,,,,,10046_*:*_1_*:*_185042_*|*_10047_*:*_1_*:*_0,10188,TEC-19,Cập nhật số lượng,Done,17/Mar/26 11:23 PM
Gọi API update và refresh cart UI,TEC-49,10271,Subtask,Done,TEC,TechGadget E-commerce,software,VŨ ĐẶNG,712020:00595771-ccd0-4354-a581-4aa70b2e347b,,Medium,Done,VŨ ĐẶNG,712020:00595771-ccd0-4354-a581-4aa70b2e347b,VŨ ĐẶNG,712020:00595771-ccd0-4354-a581-4aa70b2e347b,VŨ ĐẶNG,712020:00595771-ccd0-4354-a581-4aa70b2e347b,15/Mar/26 9:09 PM,17/Mar/26 11:23 PM,,17/Mar/26 11:23 PM,,0,,,VŨ ĐẶNG,712020:00595771-ccd0-4354-a581-4aa70b2e347b,,,,,,,,,,,,,com.atlassian.servicedesk.plugins.approvals.internal.customfield.ApprovalsCFValue@7b0d0c5,,,,,,,,,,,,,,,,,,,,0|i000ab:,,,,,,,,,TEC Sprint 1: Core Features,,,,,,,,,,,,,,,,10046_*:*_1_*:*_180831610_*|*_10048_*:*_1_*:*_0,10188,TEC-19,Cập nhật số lượng,Done,17/Mar/26 11:23 PM
FE,TEC-50,10273,Subtask,Done,TEC,TechGadget E-commerce,software,VŨ ĐẶNG,712020:00595771-ccd0-4354-a581-4aa70b2e347b,,Medium,Done,Lê Quang Huy,712020:dd3b3a09-10d8-47f9-a3e6-4d143d9a06db,VŨ ĐẶNG,712020:00595771-ccd0-4354-a581-4aa70b2e347b,VŨ ĐẶNG,712020:00595771-ccd0-4354-a581-4aa70b2e347b,15/Mar/26 9:10 PM,17/Mar/26 11:24 PM,,17/Mar/26 11:24 PM,,0,,,VŨ ĐẶNG,712020:00595771-ccd0-4354-a581-4aa70b2e347b,,,,,,,,,,,,,com.atlassian.servicedesk.plugins.approvals.internal.customfield.ApprovalsCFValue@50d93349,,,,,,,,,,,,,,,,,,,,0|i000aj:,,,,,,,,,TEC Sprint 1: Core Features,,,,,,,,,,,,,,,,10046_*:*_1_*:*_28744_*|*_10047_*:*_1_*:*_0,10189,TEC-20,Xóa sản phẩm khỏi giỏ,Done,17/Mar/26 11:24 PM
BE,TEC-51,10275,Subtask,Done,TEC,TechGadget E-commerce,software,VŨ ĐẶNG,712020:00595771-ccd0-4354-a581-4aa70b2e347b,,Medium,Done,VŨ ĐẶNG,712020:00595771-ccd0-4354-a581-4aa70b2e347b,VŨ ĐẶNG,712020:00595771-ccd0-4354-a581-4aa70b2e347b,VŨ ĐẶNG,712020:00595771-ccd0-4354-a581-4aa70b2e347b,15/Mar/26 9:10 PM,15/Mar/26 9:10 PM,,15/Mar/26 9:10 PM,,0,,,VŨ ĐẶNG,712020:00595771-ccd0-4354-a581-4aa70b2e347b,,,,,,,,,,,,,com.atlassian.servicedesk.plugins.approvals.internal.customfield.ApprovalsCFValue@5a092f58,,,,,,,,,,,,,,,,,,,,0|i000ar:,,,,,,,,,TEC Sprint 1: Core Features,,,,,,,,,,,,,,,,10046_*:*_1_*:*_22948_*|*_10048_*:*_1_*:*_0,10189,TEC-20,Xóa sản phẩm khỏi giỏ,Done,15/Mar/26 9:10 PM
Gọi API update và refresh cart UI,TEC-52,10277,Subtask,Done,TEC,TechGadget E-commerce,software,VŨ ĐẶNG,712020:00595771-ccd0-4354-a581-4aa70b2e347b,,Medium,Done,VŨ ĐẶNG,712020:00595771-ccd0-4354-a581-4aa70b2e347b,VŨ ĐẶNG,712020:00595771-ccd0-4354-a581-4aa70b2e347b,VŨ ĐẶNG,712020:00595771-ccd0-4354-a581-4aa70b2e347b,15/Mar/26 9:10 PM,17/Mar/26 11:24 PM,,17/Mar/26 11:24 PM,,0,,,VŨ ĐẶNG,712020:00595771-ccd0-4354-a581-4aa70b2e347b,,,,,,,,,,,,,com.atlassian.servicedesk.plugins.approvals.internal.customfield.ApprovalsCFValue@4d164ee4,,,,,,,,,,,,,,,,,,,,0|i000az:,,,,,,,,,TEC Sprint 1: Core Features,,,,,,,,,,,,,,,,10046_*:*_1_*:*_14337_*|*_10047_*:*_1_*:*_0,10189,TEC-20,Xóa sản phẩm khỏi giỏ,Done,17/Mar/26 11:24 PM
Gọi API update và refresh cart UI,TEC-53,10279,Subtask,Done,TEC,TechGadget E-commerce,software,VŨ ĐẶNG,712020:00595771-ccd0-4354-a581-4aa70b2e347b,,Medium,Done,VŨ ĐẶNG,712020:00595771-ccd0-4354-a581-4aa70b2e347b,VŨ ĐẶNG,712020:00595771-ccd0-4354-a581-4aa70b2e347b,VŨ ĐẶNG,712020:00595771-ccd0-4354-a581-4aa70b2e347b,15/Mar/26 9:10 PM,17/Mar/26 11:17 PM,,17/Mar/26 11:17 PM,,0,,,VŨ ĐẶNG,712020:00595771-ccd0-4354-a581-4aa70b2e347b,,,,,,,,,,,,,com.atlassian.servicedesk.plugins.approvals.internal.customfield.ApprovalsCFValue@1fc769ee,,,,,,,,,,,,,,,,,,,,0|i000b7:,,,,,,,,,TEC Sprint 1: Core Features,,,,,,,,,,,,,,,,10046_*:*_1_*:*_9036_*|*_10047_*:*_1_*:*_0,10187,TEC-18,Thêm vào giỏ hàng,Done,17/Mar/26 11:17 PM
FE,TEC-54,10281,Subtask,Done,TEC,TechGadget E-commerce,software,VŨ ĐẶNG,712020:00595771-ccd0-4354-a581-4aa70b2e347b,,Medium,Done,Lê Quang Huy,712020:dd3b3a09-10d8-47f9-a3e6-4d143d9a06db,VŨ ĐẶNG,712020:00595771-ccd0-4354-a581-4aa70b2e347b,VŨ ĐẶNG,712020:00595771-ccd0-4354-a581-4aa70b2e347b,15/Mar/26 9:10 PM,17/Mar/26 11:16 PM,,17/Mar/26 11:16 PM,,0,,,VŨ ĐẶNG,712020:00595771-ccd0-4354-a581-4aa70b2e347b,,,,,,,,,,,,,com.atlassian.servicedesk.plugins.approvals.internal.customfield.ApprovalsCFValue@2a2f0585,,,,,,,,,,,,,,,,,,,,0|i000bf:,,,,,,,,,TEC Sprint 1: Core Features,,,,,,,,,,,,,,,,10046_*:*_1_*:*_7843_*|*_10047_*:*_1_*:*_0,10187,TEC-18,Thêm vào giỏ hàng,Done,17/Mar/26 11:16 PM
BE,TEC-55,10283,Subtask,Done,TEC,TechGadget E-commerce,software,VŨ ĐẶNG,712020:00595771-ccd0-4354-a581-4aa70b2e347b,,Medium,Done,VŨ ĐẶNG,712020:00595771-ccd0-4354-a581-4aa70b2e347b,VŨ ĐẶNG,712020:00595771-ccd0-4354-a581-4aa70b2e347b,VŨ ĐẶNG,712020:00595771-ccd0-4354-a581-4aa70b2e347b,15/Mar/26 9:10 PM,17/Mar/26 11:16 PM,,15/Mar/26 9:10 PM,,0,,,VŨ ĐẶNG,712020:00595771-ccd0-4354-a581-4aa70b2e347b,,,,,,,,,,,,,com.atlassian.servicedesk.plugins.approvals.internal.customfield.ApprovalsCFValue@2095a22b,,,,,,,,,,,,,,,,,,,,0|i000bn:,,,,,,,,,TEC Sprint 1: Core Features,,,,,,,,,,,,,,,,10046_*:*_1_*:*_7441_*|*_10048_*:*_1_*:*_0,10187,TEC-18,Thêm vào giỏ hàng,Done,15/Mar/26 9:10 PM
Coupon,TEC-58,10317,Epic,Done,TEC,TechGadget E-commerce,software,VŨ ĐẶNG,712020:00595771-ccd0-4354-a581-4aa70b2e347b,,Medium,Done,dangtrungkien040804,712020:3fca45f9-33ae-49a6-999a-a94f363ec5be,VŨ ĐẶNG,712020:00595771-ccd0-4354-a581-4aa70b2e347b,VŨ ĐẶNG,712020:00595771-ccd0-4354-a581-4aa70b2e347b,10/Apr/26 8:35 PM,12/Apr/26 2:57 PM,12/Apr/26 2:57 PM,10/Apr/26 8:46 PM,,0,,,VŨ ĐẶNG,712020:00595771-ccd0-4354-a581-4aa70b2e347b,,,,,,,,,,,,,com.atlassian.servicedesk.plugins.approvals.internal.customfield.ApprovalsCFValue@8e69e30,,,,,,,,,,,,,,,,,,,,0|i000bv:,,,,,,,,,,,,,,,,,,,,,,,,,10046_*:*_1_*:*_686354_*|*_10048_*:*_1_*:*_0,,,,Done,10/Apr/26 8:46 PM
Review sản phẩm,TEC-59,10318,Epic,Done,TEC,TechGadget E-commerce,software,VŨ ĐẶNG,712020:00595771-ccd0-4354-a581-4aa70b2e347b,,Medium,Done,,,VŨ ĐẶNG,712020:00595771-ccd0-4354-a581-4aa70b2e347b,VŨ ĐẶNG,712020:00595771-ccd0-4354-a581-4aa70b2e347b,10/Apr/26 8:35 PM,10/Apr/26 8:47 PM,10/Apr/26 8:37 PM,10/Apr/26 8:47 PM,,0,,,VŨ ĐẶNG,712020:00595771-ccd0-4354-a581-4aa70b2e347b,,,,,,,,,,,,,com.atlassian.servicedesk.plugins.approvals.internal.customfield.ApprovalsCFValue@53541fbe,,,,,,,,,,,,,,,,,,,,0|i000c3:,,,,,,,,,,,,,,,,,,,,,,,,,10046_*:*_1_*:*_682077_*|*_10048_*:*_1_*:*_0,,,,Done,10/Apr/26 8:47 PM
Apply coupon khi checkout,TEC-60,10320,Task,Done,TEC,TechGadget E-commerce,software,VŨ ĐẶNG,712020:00595771-ccd0-4354-a581-4aa70b2e347b,,Medium,Done,dangtrungkien040804,712020:3fca45f9-33ae-49a6-999a-a94f363ec5be,VŨ ĐẶNG,712020:00595771-ccd0-4354-a581-4aa70b2e347b,VŨ ĐẶNG,712020:00595771-ccd0-4354-a581-4aa70b2e347b,10/Apr/26 8:36 PM,10/Apr/26 8:42 PM,10/Apr/26 8:48 PM,10/Apr/26 8:42 PM,,0,"*As a* user
*I want* nhập mã giảm giá
*So that* giảm giá đơn hàng",,VŨ ĐẶNG,712020:00595771-ccd0-4354-a581-4aa70b2e347b,,,,,,,,,,,,,com.atlassian.servicedesk.plugins.approvals.internal.customfield.ApprovalsCFValue@14015e41,,,,,,,,,,,,,,,,,,,,0|i000cb:,,,,,,,,,TEC Sprint 2:Advanced Featur 2,,,,,,,,,,,,,,,,10046_*:*_1_*:*_374645_*|*_10047_*:*_1_*:*_0,10317,TEC-58,Coupon,Done,10/Apr/26 8:42 PM
Admin quản lý coupon,TEC-62,10324,Task,Done,TEC,TechGadget E-commerce,software,VŨ ĐẶNG,712020:00595771-ccd0-4354-a581-4aa70b2e347b,,Medium,Done,dangtrungkien040804,712020:3fca45f9-33ae-49a6-999a-a94f363ec5be,VŨ ĐẶNG,712020:00595771-ccd0-4354-a581-4aa70b2e347b,VŨ ĐẶNG,712020:00595771-ccd0-4354-a581-4aa70b2e347b,10/Apr/26 8:36 PM,10/Apr/26 8:42 PM,10/Apr/26 8:58 PM,10/Apr/26 8:42 PM,,0,,,VŨ ĐẶNG,712020:00595771-ccd0-4354-a581-4aa70b2e347b,,,,,,,,,,,,,com.atlassian.servicedesk.plugins.approvals.internal.customfield.ApprovalsCFValue@3db9a052,,,,,,,,,,,,,,,,,,,,0|i000cb:i,,,,,,,,,TEC Sprint 2:Advanced Featur 2,,,,,,,,,,,,,,,,10046_*:*_1_*:*_360466_*|*_10047_*:*_1_*:*_0,10317,TEC-58,Coupon,Done,10/Apr/26 8:42 PM
Autocomplete địa chỉ,TEC-66,10331,Task,Done,TEC,TechGadget E-commerce,software,VŨ ĐẶNG,712020:00595771-ccd0-4354-a581-4aa70b2e347b,,Medium,Done,VŨ ĐẶNG,712020:00595771-ccd0-4354-a581-4aa70b2e347b,VŨ ĐẶNG,712020:00595771-ccd0-4354-a581-4aa70b2e347b,VŨ ĐẶNG,712020:00595771-ccd0-4354-a581-4aa70b2e347b,10/Apr/26 8:41 PM,10/Apr/26 8:47 PM,10/Apr/26 8:59 PM,10/Apr/26 8:42 PM,,0,"*As a* user
*I want* nhập địa chỉ có gợi ý
*So that* nhập nhanh và chính xác",,VŨ ĐẶNG,712020:00595771-ccd0-4354-a581-4aa70b2e347b,,,,,,,,,,,,,com.atlassian.servicedesk.plugins.approvals.internal.customfield.ApprovalsCFValue@764c2a25,,,,,,,,,,,,,,,,,,,,0|i000cc:,,,,,,,,,TEC Sprint 2:Advanced Featur 2,,,,,,,,,,,,,,,,10046_*:*_1_*:*_44447_*|*_10047_*:*_1_*:*_0,10329,TEC-65,Checkout,Done,10/Apr/26 8:42 PM
Tính phí ship,TEC-67,10333,Task,Done,TEC,TechGadget E-commerce,software,VŨ ĐẶNG,712020:00595771-ccd0-4354-a581-4aa70b2e347b,,Medium,Done,VŨ ĐẶNG,712020:00595771-ccd0-4354-a581-4aa70b2e347b,VŨ ĐẶNG,712020:00595771-ccd0-4354-a581-4aa70b2e347b,VŨ ĐẶNG,712020:00595771-ccd0-4354-a581-4aa70b2e347b,10/Apr/26 8:41 PM,10/Apr/26 8:42 PM,,10/Apr/26 8:42 PM,,0,,,VŨ ĐẶNG,712020:00595771-ccd0-4354-a581-4aa70b2e347b,,,,,,,,,,,,,com.atlassian.servicedesk.plugins.approvals.internal.customfield.ApprovalsCFValue@4471392e,,,,,,,,,,,,,,,,,,,,0|i000cd:,,,,,,,,,TEC Sprint 2:Advanced Featur 2,,,,,,,,,,,,,,,,10046_*:*_1_*:*_37023_*|*_10047_*:*_1_*:*_0,10329,TEC-65,Checkout,Done,10/Apr/26 8:42 PM
User tạo review,TEC-63,10326,Task,Done,TEC,TechGadget E-commerce,software,VŨ ĐẶNG,712020:00595771-ccd0-4354-a581-4aa70b2e347b,,Medium,Done,dangtrungkien040804,712020:3fca45f9-33ae-49a6-999a-a94f363ec5be,VŨ ĐẶNG,712020:00595771-ccd0-4354-a581-4aa70b2e347b,VŨ ĐẶNG,712020:00595771-ccd0-4354-a581-4aa70b2e347b,10/Apr/26 8:37 PM,10/Apr/26 8:42 PM,10/Apr/26 9:00 PM,10/Apr/26 8:42 PM,,0,,,VŨ ĐẶNG,712020:00595771-ccd0-4354-a581-4aa70b2e347b,,,,,,,,,,,,,com.atlassian.servicedesk.plugins.approvals.internal.customfield.ApprovalsCFValue@17e7e504,,,,,,,,,,,,,,,,,,,,0|i000cf:,,,,,,,,,TEC Sprint 2:Advanced Featur 2,,,,,,,,,,,,,,,,10046_*:*_1_*:*_294890_*|*_10047_*:*_1_*:*_0,10318,TEC-59,Review sản phẩm,Done,10/Apr/26 8:42 PM
Hiển thị review,TEC-64,10328,Task,Done,TEC,TechGadget E-commerce,software,VŨ ĐẶNG,712020:00595771-ccd0-4354-a581-4aa70b2e347b,,Medium,Done,Lê Quang Huy,712020:dd3b3a09-10d8-47f9-a3e6-4d143d9a06db,VŨ ĐẶNG,712020:00595771-ccd0-4354-a581-4aa70b2e347b,VŨ ĐẶNG,712020:00595771-ccd0-4354-a581-4aa70b2e347b,10/Apr/26 8:37 PM,10/Apr/26 8:42 PM,10/Apr/26 8:59 PM,10/Apr/26 8:42 PM,,0,,,VŨ ĐẶNG,712020:00595771-ccd0-4354-a581-4aa70b2e347b,,,,,,,,,,,,,com.atlassian.servicedesk.plugins.approvals.internal.customfield.ApprovalsCFValue@3bc31495,,,,,,,,,,,,,,,,,,,,0|i000ch:,,,,,,,,,TEC Sprint 2:Advanced Featur 2,,,,,,,,,,,,,,,,10046_*:*_1_*:*_288388_*|*_10047_*:*_1_*:*_0,10318,TEC-59,Review sản phẩm,Done,10/Apr/26 8:42 PM
Track usage coupon,TEC-61,10322,Task,Done,TEC,TechGadget E-commerce,software,VŨ ĐẶNG,712020:00595771-ccd0-4354-a581-4aa70b2e347b,,Medium,Done,dangtrungkien040804,712020:3fca45f9-33ae-49a6-999a-a94f363ec5be,VŨ ĐẶNG,712020:00595771-ccd0-4354-a581-4aa70b2e347b,VŨ ĐẶNG,712020:00595771-ccd0-4354-a581-4aa70b2e347b,10/Apr/26 8:36 PM,10/Apr/26 8:42 PM,10/Apr/26 8:59 PM,10/Apr/26 8:42 PM,,0,,,VŨ ĐẶNG,712020:00595771-ccd0-4354-a581-4aa70b2e347b,,,,,,,,,,,,,com.atlassian.servicedesk.plugins.approvals.internal.customfield.ApprovalsCFValue@103c3ede,,,,,,,,,,,,,,,,,,,,0|i000cj:,,,,,,,,,TEC Sprint 2:Advanced Featur 2,,,,,,,,,,,,,,,,10046_*:*_1_*:*_363437_*|*_10047_*:*_1_*:*_0,10317,TEC-58,Coupon,Done,10/Apr/26 8:42 PM
Checkout,TEC-65,10329,Epic,Done,TEC,TechGadget E-commerce,software,VŨ ĐẶNG,712020:00595771-ccd0-4354-a581-4aa70b2e347b,,Medium,Done,,,VŨ ĐẶNG,712020:00595771-ccd0-4354-a581-4aa70b2e347b,VŨ ĐẶNG,712020:00595771-ccd0-4354-a581-4aa70b2e347b,10/Apr/26 8:39 PM,10/Apr/26 8:47 PM,10/Apr/26 9:01 PM,10/Apr/26 8:47 PM,,0,,,VŨ ĐẶNG,712020:00595771-ccd0-4354-a581-4aa70b2e347b,,,,,,,,,,,,,com.atlassian.servicedesk.plugins.approvals.internal.customfield.ApprovalsCFValue@186a0a49,,,,,,,,,,,,,purple,,,,,,,0|i000df:,,,,,,,,,,,,,,,,,,,,,,,,,10046_*:*_1_*:*_435358_*|*_10048_*:*_1_*:*_0,,,,Done,10/Apr/26 8:47 PM
Integration: gọi API khi user nhập,TEC-68,10335,Subtask,Done,TEC,TechGadget E-commerce,software,VŨ ĐẶNG,712020:00595771-ccd0-4354-a581-4aa70b2e347b,,Medium,Done,VŨ ĐẶNG,712020:00595771-ccd0-4354-a581-4aa70b2e347b,VŨ ĐẶNG,712020:00595771-ccd0-4354-a581-4aa70b2e347b,VŨ ĐẶNG,712020:00595771-ccd0-4354-a581-4aa70b2e347b,10/Apr/26 8:47 PM,10/Apr/26 8:59 PM,10/Apr/26 8:59 PM,10/Apr/26 8:47 PM,,0,,,VŨ ĐẶNG,712020:00595771-ccd0-4354-a581-4aa70b2e347b,,,,,,,,,,,,,com.atlassian.servicedesk.plugins.approvals.internal.customfield.ApprovalsCFValue@547c67a0,,,,,,,,,,,,,,,,,,,,0|i000dn:,,,,,,,,,TEC Sprint 2:Advanced Featur 2,,,,,,,,,,,,,,,,10046_*:*_1_*:*_9230_*|*_10048_*:*_1_*:*_0,10331,TEC-66,Autocomplete địa chỉ,Done,10/Apr/26 8:47 PM
FE: Input + dropdown suggestion,TEC-69,10337,Subtask,Done,TEC,TechGadget E-commerce,software,VŨ ĐẶNG,712020:00595771-ccd0-4354-a581-4aa70b2e347b,,Medium,Done,VŨ ĐẶNG,712020:00595771-ccd0-4354-a581-4aa70b2e347b,VŨ ĐẶNG,712020:00595771-ccd0-4354-a581-4aa70b2e347b,VŨ ĐẶNG,712020:00595771-ccd0-4354-a581-4aa70b2e347b,10/Apr/26 8:47 PM,10/Apr/26 8:59 PM,,10/Apr/26 8:48 PM,,0,,,VŨ ĐẶNG,712020:00595771-ccd0-4354-a581-4aa70b2e347b,,,,,,,,,,,,,com.atlassian.servicedesk.plugins.approvals.internal.customfield.ApprovalsCFValue@4ae1382,,,,,,,,,,,,,,,,,,,,0|i000dv:,,,,,,,,,TEC Sprint 2:Advanced Featur 2,,,,,,,,,,,,,,,,10046_*:*_1_*:*_8018_*|*_10048_*:*_1_*:*_0,10331,TEC-66,Autocomplete địa chỉ,Done,10/Apr/26 8:48 PM
BE: Validate coupon + tính discount,TEC-70,10339,Subtask,Done,TEC,TechGadget E-commerce,software,VŨ ĐẶNG,712020:00595771-ccd0-4354-a581-4aa70b2e347b,,Medium,Done,dangtrungkien040804,712020:3fca45f9-33ae-49a6-999a-a94f363ec5be,VŨ ĐẶNG,712020:00595771-ccd0-4354-a581-4aa70b2e347b,VŨ ĐẶNG,712020:00595771-ccd0-4354-a581-4aa70b2e347b,10/Apr/26 8:57 PM,10/Apr/26 8:57 PM,,10/Apr/26 8:57 PM,,0,,,VŨ ĐẶNG,712020:00595771-ccd0-4354-a581-4aa70b2e347b,,,,,,,,,,,,,com.atlassian.servicedesk.plugins.approvals.internal.customfield.ApprovalsCFValue@64742b8,,,,,,,,,,,,,,,,,,,,0|i000e3:,,,,,,,,,TEC Sprint 2:Advanced Featur 2,,,,,,,,,,,,,,,,10046_*:*_1_*:*_21931_*|*_10048_*:*_1_*:*_0,10320,TEC-60,Apply coupon khi checkout,Done,10/Apr/26 8:57 PM
FE: UI nhập mã + hiển thị discount,TEC-71,10341,Subtask,Done,TEC,TechGadget E-commerce,software,VŨ ĐẶNG,712020:00595771-ccd0-4354-a581-4aa70b2e347b,,Medium,Done,dangtrungkien040804,712020:3fca45f9-33ae-49a6-999a-a94f363ec5be,VŨ ĐẶNG,712020:00595771-ccd0-4354-a581-4aa70b2e347b,VŨ ĐẶNG,712020:00595771-ccd0-4354-a581-4aa70b2e347b,10/Apr/26 8:57 PM,10/Apr/26 8:58 PM,,10/Apr/26 8:58 PM,,0,,,VŨ ĐẶNG,712020:00595771-ccd0-4354-a581-4aa70b2e347b,,,,,,,,,,,,,com.atlassian.servicedesk.plugins.approvals.internal.customfield.ApprovalsCFValue@21d06849,,,,,,,,,,,,,,,,,,,,0|i000eb:,,,,,,,,,TEC Sprint 2:Advanced Featur 2,,,,,,,,,,,,,,,,10046_*:*_1_*:*_16795_*|*_10048_*:*_1_*:*_0,10320,TEC-60,Apply coupon khi checkout,Done,10/Apr/26 8:58 PM
Integration: gọi API apply coupon + update total,TEC-72,10343,Subtask,Done,TEC,TechGadget E-commerce,software,VŨ ĐẶNG,712020:00595771-ccd0-4354-a581-4aa70b2e347b,,Medium,Done,dangtrungkien040804,712020:3fca45f9-33ae-49a6-999a-a94f363ec5be,VŨ ĐẶNG,712020:00595771-ccd0-4354-a581-4aa70b2e347b,VŨ ĐẶNG,712020:00595771-ccd0-4354-a581-4aa70b2e347b,10/Apr/26 8:57 PM,10/Apr/26 8:58 PM,,10/Apr/26 8:58 PM,,0,,,VŨ ĐẶNG,712020:00595771-ccd0-4354-a581-4aa70b2e347b,,,,,,,,,,,,,com.atlassian.servicedesk.plugins.approvals.internal.customfield.ApprovalsCFValue@14ac5a89,,,,,,,,,,,,,,,,,,,,0|i000ej:,,,,,,,,,TEC Sprint 2:Advanced Featur 2,,,,,,,,,,,,,,,,10046_*:*_1_*:*_12966_*|*_10048_*:*_1_*:*_0,10320,TEC-60,Apply coupon khi checkout,Done,10/Apr/26 8:58 PM
BE: API create/update/delete coupon,TEC-73,10345,Subtask,Done,TEC,TechGadget E-commerce,software,VŨ ĐẶNG,712020:00595771-ccd0-4354-a581-4aa70b2e347b,,Medium,Done,dangtrungkien040804,712020:3fca45f9-33ae-49a6-999a-a94f363ec5be,VŨ ĐẶNG,712020:00595771-ccd0-4354-a581-4aa70b2e347b,VŨ ĐẶNG,712020:00595771-ccd0-4354-a581-4aa70b2e347b,10/Apr/26 8:58 PM,10/Apr/26 8:58 PM,,10/Apr/26 8:58 PM,,0,,,VŨ ĐẶNG,712020:00595771-ccd0-4354-a581-4aa70b2e347b,,,,,,,,,,,,,com.atlassian.servicedesk.plugins.approvals.internal.customfield.ApprovalsCFValue@3a3d6ead,,,,,,,,,,,,,,,,,,,,0|i000er:,,,,,,,,,TEC Sprint 2:Advanced Featur 2,,,,,,,,,,,,,,,,10046_*:*_1_*:*_19164_*|*_10048_*:*_1_*:*_0,10324,TEC-62,Admin quản lý coupon,Done,10/Apr/26 8:58 PM
FE: Form quản lý coupon (admin UI),TEC-74,10347,Subtask,Done,TEC,TechGadget E-commerce,software,VŨ ĐẶNG,712020:00595771-ccd0-4354-a581-4aa70b2e347b,,Medium,Done,dangtrungkien040804,712020:3fca45f9-33ae-49a6-999a-a94f363ec5be,VŨ ĐẶNG,712020:00595771-ccd0-4354-a581-4aa70b2e347b,VŨ ĐẶNG,712020:00595771-ccd0-4354-a581-4aa70b2e347b,10/Apr/26 8:58 PM,10/Apr/26 8:58 PM,,10/Apr/26 8:58 PM,,0,,,VŨ ĐẶNG,712020:00595771-ccd0-4354-a581-4aa70b2e347b,,,,,,,,,,,,,com.atlassian.servicedesk.plugins.approvals.internal.customfield.ApprovalsCFValue@799fd4e9,,,,,,,,,,,,,,,,,,,,0|i000ez:,,,,,,,,,TEC Sprint 2:Advanced Featur 2,,,,,,,,,,,,,,,,10046_*:*_1_*:*_14983_*|*_10048_*:*_1_*:*_0,10324,TEC-62,Admin quản lý coupon,Done,10/Apr/26 8:58 PM
Integration: submit form + reload list,TEC-75,10349,Subtask,Done,TEC,TechGadget E-commerce,software,VŨ ĐẶNG,712020:00595771-ccd0-4354-a581-4aa70b2e347b,,Medium,Done,dangtrungkien040804,712020:3fca45f9-33ae-49a6-999a-a94f363ec5be,VŨ ĐẶNG,712020:00595771-ccd0-4354-a581-4aa70b2e347b,VŨ ĐẶNG,712020:00595771-ccd0-4354-a581-4aa70b2e347b,10/Apr/26 8:58 PM,10/Apr/26 8:58 PM,,10/Apr/26 8:58 PM,,0,,,VŨ ĐẶNG,712020:00595771-ccd0-4354-a581-4aa70b2e347b,,,,,,,,,,,,,com.atlassian.servicedesk.plugins.approvals.internal.customfield.ApprovalsCFValue@3e8b90b0,,,,,,,,,,,,,,,,,,,,0|i000f7:,,,,,,,,,TEC Sprint 2:Advanced Featur 2,,,,,,,,,,,,,,,,10046_*:*_1_*:*_11925_*|*_10048_*:*_1_*:*_0,10324,TEC-62,Admin quản lý coupon,Done,10/Apr/26 8:58 PM
BE: Lưu coupon_usages + update used_count,TEC-76,10351,Subtask,Done,TEC,TechGadget E-commerce,software,VŨ ĐẶNG,712020:00595771-ccd0-4354-a581-4aa70b2e347b,,Medium,Done,dangtrungkien040804,712020:3fca45f9-33ae-49a6-999a-a94f363ec5be,VŨ ĐẶNG,712020:00595771-ccd0-4354-a581-4aa70b2e347b,VŨ ĐẶNG,712020:00595771-ccd0-4354-a581-4aa70b2e347b,10/Apr/26 8:59 PM,10/Apr/26 8:59 PM,,10/Apr/26 8:59 PM,,0,,,VŨ ĐẶNG,712020:00595771-ccd0-4354-a581-4aa70b2e347b,,,,,,,,,,,,,com.atlassian.servicedesk.plugins.approvals.internal.customfield.ApprovalsCFValue@360b1200,,,,,,,,,,,,,,,,,,,,0|i000ff:,,,,,,,,,TEC Sprint 2:Advanced Featur 2,,,,,,,,,,,,,,,,10046_*:*_1_*:*_19750_*|*_10048_*:*_1_*:*_0,10322,TEC-61,Track usage coupon,Done,10/Apr/26 8:59 PM
FE: Hiển thị trạng thái mã (valid/invalid),TEC-77,10353,Subtask,Done,TEC,TechGadget E-commerce,software,VŨ ĐẶNG,712020:00595771-ccd0-4354-a581-4aa70b2e347b,,Medium,Done,dangtrungkien040804,712020:3fca45f9-33ae-49a6-999a-a94f363ec5be,VŨ ĐẶNG,712020:00595771-ccd0-4354-a581-4aa70b2e347b,VŨ ĐẶNG,712020:00595771-ccd0-4354-a581-4aa70b2e347b,10/Apr/26 8:59 PM,10/Apr/26 8:59 PM,,10/Apr/26 8:59 PM,,0,,,VŨ ĐẶNG,712020:00595771-ccd0-4354-a581-4aa70b2e347b,,,,,,,,,,,,,com.atlassian.servicedesk.plugins.approvals.internal.customfield.ApprovalsCFValue@3296f4c8,,,,,,,,,,,,,,,,,,,,0|i000fn:,,,,,,,,,TEC Sprint 2:Advanced Featur 2,,,,,,,,,,,,,,,,10046_*:*_1_*:*_16005_*|*_10048_*:*_1_*:*_0,10322,TEC-61,Track usage coupon,Done,10/Apr/26 8:59 PM
"Integration: handle error response (expired, hết lượt)",TEC-78,10355,Subtask,Done,TEC,TechGadget E-commerce,software,VŨ ĐẶNG,712020:00595771-ccd0-4354-a581-4aa70b2e347b,,Medium,Done,dangtrungkien040804,712020:3fca45f9-33ae-49a6-999a-a94f363ec5be,VŨ ĐẶNG,712020:00595771-ccd0-4354-a581-4aa70b2e347b,VŨ ĐẶNG,712020:00595771-ccd0-4354-a581-4aa70b2e347b,10/Apr/26 8:59 PM,10/Apr/26 8:59 PM,,10/Apr/26 8:59 PM,,0,,,VŨ ĐẶNG,712020:00595771-ccd0-4354-a581-4aa70b2e347b,,,,,,,,,,,,,com.atlassian.servicedesk.plugins.approvals.internal.customfield.ApprovalsCFValue@518a779d,,,,,,,,,,,,,,,,,,,,0|i000fv:,,,,,,,,,TEC Sprint 2:Advanced Featur 2,,,,,,,,,,,,,,,,10046_*:*_1_*:*_13810_*|*_10048_*:*_1_*:*_0,10322,TEC-61,Track usage coupon,Done,10/Apr/26 8:59 PM
BE: Check user mua + lưu review,TEC-79,10357,Subtask,Done,TEC,TechGadget E-commerce,software,VŨ ĐẶNG,712020:00595771-ccd0-4354-a581-4aa70b2e347b,,Medium,Done,dangtrungkien040804,712020:3fca45f9-33ae-49a6-999a-a94f363ec5be,VŨ ĐẶNG,712020:00595771-ccd0-4354-a581-4aa70b2e347b,VŨ ĐẶNG,712020:00595771-ccd0-4354-a581-4aa70b2e347b,10/Apr/26 9:00 PM,10/Apr/26 9:00 PM,,10/Apr/26 9:00 PM,,0,,,VŨ ĐẶNG,712020:00595771-ccd0-4354-a581-4aa70b2e347b,,,,,,,,,,,,,com.atlassian.servicedesk.plugins.approvals.internal.customfield.ApprovalsCFValue@6c5f7eef,,,,,,,,,,,,,,,,,,,,0|i000g3:,,,,,,,,,TEC Sprint 2:Advanced Featur 2,,,,,,,,,,,,,,,,10046_*:*_1_*:*_18831_*|*_10048_*:*_1_*:*_0,10326,TEC-63,User tạo review,Done,10/Apr/26 9:00 PM
FE: Form nhập rating + comment,TEC-80,10359,Subtask,Done,TEC,TechGadget E-commerce,software,VŨ ĐẶNG,712020:00595771-ccd0-4354-a581-4aa70b2e347b,,Medium,Done,Lê Quang Huy,712020:dd3b3a09-10d8-47f9-a3e6-4d143d9a06db,VŨ ĐẶNG,712020:00595771-ccd0-4354-a581-4aa70b2e347b,VŨ ĐẶNG,712020:00595771-ccd0-4354-a581-4aa70b2e347b,10/Apr/26 9:00 PM,10/Apr/26 9:00 PM,,10/Apr/26 9:00 PM,,0,,,VŨ ĐẶNG,712020:00595771-ccd0-4354-a581-4aa70b2e347b,,,,,,,,,,,,,com.atlassian.servicedesk.plugins.approvals.internal.customfield.ApprovalsCFValue@264789a9,,,,,,,,,,,,,,,,,,,,0|i000gb:,,,,,,,,,TEC Sprint 2:Advanced Featur 2,,,,,,,,,,,,,,,,10046_*:*_1_*:*_16183_*|*_10048_*:*_1_*:*_0,10326,TEC-63,User tạo review,Done,10/Apr/26 9:00 PM
Integration: submit review + refresh list,TEC-81,10361,Subtask,Done,TEC,TechGadget E-commerce,software,VŨ ĐẶNG,712020:00595771-ccd0-4354-a581-4aa70b2e347b,,Medium,Done,dangtrungkien040804,712020:3fca45f9-33ae-49a6-999a-a94f363ec5be,VŨ ĐẶNG,712020:00595771-ccd0-4354-a581-4aa70b2e347b,VŨ ĐẶNG,712020:00595771-ccd0-4354-a581-4aa70b2e347b,10/Apr/26 9:00 PM,10/Apr/26 9:00 PM,,10/Apr/26 9:00 PM,,0,,,VŨ ĐẶNG,712020:00595771-ccd0-4354-a581-4aa70b2e347b,,,,,,,,,,,,,com.atlassian.servicedesk.plugins.approvals.internal.customfield.ApprovalsCFValue@32158a65,,,,,,,,,,,,,,,,,,,,0|i000gj:,,,,,,,,,TEC Sprint 2:Advanced Featur 2,,,,,,,,,,,,,,,,10046_*:*_1_*:*_13387_*|*_10048_*:*_1_*:*_0,10326,TEC-63,User tạo review,Done,10/Apr/26 9:00 PM
